ID,College,gender,Branch,recruitment mode,Native,Father's occupation,mother's occupation,siblings,sisters,brothers,elder brothers,younger brothers,elder sisters,younger sisters,X score,XII score,Knowing anyone in the organisation,Other offers,Time elapsed since graduation,Additional trainings,Still associated,Duration of engagement
30101122,SASTRA,f,EEE,On-campus,Chennai,Teacher,Doctor,3,2,1,0,1,2,0,98,98,no,Tech Mahindra,0,yes,no,90
30101123,MITM,m,IS,Off-campus,Mangalore,Doctor,Doctor,2,1,1,1,0,0,1,92,97,no,NA,9,no,no,17
30101124,PSGCTCO,m,CS,On-campus,Madurai,Govt,Bank,1,1,0,0,0,0,1,95,98,no,NA,0,yes,no,78
30101125,MSRITB,f,Mech,On-campus,Gulbarga,Govt,Teacher,2,1,1,0,1,1,0,81,91,yes,Cognizant,0,yes,yes,52
30101126,SITT,m,ECE,Off-campus,Bangalore,Agriculture,Govt,2,0,2,1,1,0,0,92,96,yes,NA,5,no,yes,61
30101127,AmritaCO,m,Mech,On-campus,Namakkal,Govt,Housewife,1,0,1,0,1,0,0,95,105,yes,TCS,0,no,yes,22
30101128,Thiagarajar,m,EEE,Pool-campus,Selam,Lawyer,Doctor,0,0,0,0,0,0,0,83,77,yes,Infosys,0,yes,no,69
30101129,PESITB,m,ECE,Pool-campus,Shimoga,Doctor,Housewife,1,0,1,0,1,0,0,87,90,yes,Infosys,0,no,yes,58
30101130,RVCEB,f,IS,Pool-campus,Bagalkot,Bank,Doctor,2,0,2,2,0,0,0,93,96,no,HCL,0,no,no,49
30101131,SDMD,m,EEE,On-campus,Tumkur,Teacher,Teacher,3,3,0,0,0,3,0,87,88,yes,NA,0,no,yes,36
30101132,CITCO,m,ECE,Pool-campus,Ooty,Agriculture,Doctor,3,3,0,0,0,2,1,80,74,no,TCS,0,yes,yes,61
30101133,NITS,m,Mech,Pool-campus,Gulbarga,Bank,Doctor,2,1,1,1,0,0,1,98,92,no,HCL,0,yes,yes,93
30101134,MITM,m,Mech,Off-campus,Raichur,Lawyer,Lawyer,1,1,0,0,0,1,0,94,92,no,NA,8,no,no,10
30101135,SASTRA,f,ECE,Off-campus,Namakkal,Business,Lawyer,3,0,3,2,1,0,0,93,93,yes,NA,1,yes,no,22
30101136,UVCEB,m,IS,On-campus,Gulbarga,Business,Teacher,0,0,0,0,0,0,0,84,90,no,Tech Mahindra,0,no,yes,30
30101137,SDMD,f,ECE,Off-campus,Raichur,Govt,Doctor,2,0,2,0,2,0,0,97,98,no,NA,12,yes,yes,80
30101138,MVITB,m,EEE,Off-campus,Raichur,Doctor,Bank,2,1,1,1,0,0,1,89,99,no,NA,5,no,yes,12
30101139,JSSCEB,m,EEE,Pool-campus,Sirsi,Lawyer,Bank,3,0,3,3,0,0,0,87,97,yes,Tech Mahindra,0,no,yes,66
30101140,CITCO,f,Mech,Pool-campus,Vellore,Agriculture,Lawyer,0,0,0,0,0,0,0,91,95,no,NA,0,no,yes,38
30101141,Thiagarajar,f,ECE,Off-campus,Erode,Doctor,Govt,2,1,1,0,1,0,1,92,98,no,NA,7,yes,yes,10
30101142,MSRITB,f,IS,On-campus,Raichur,Bank,Bank,1,1,0,0,0,0,1,84,90,yes,Cognizant,0,yes,no,5
30101143,SITT,m,CS,On-campus,Shimoga,Lawyer,Bank,1,1,0,0,0,1,0,81,86,no,NA,0,yes,no,92
30101144,GITB,m,EEE,On-campus,Tumkur,Govt,Housewife,2,2,0,0,0,1,1,94,89,yes,Tech Mahindra,0,yes,no,25
30101145,UVCEB,m,Mech,On-campus,Dharwad,Bank,Housewife,2,1,1,0,1,0,1,96,98,no,Wipro,0,yes,no,92
30101146,MITM,f,ECE,On-campus,Bangalore,Agriculture,Bank,3,1,2,1,1,1,0,83,75,yes,NA,0,yes,yes,53
30101147,GITB,m,EEE,Pool-campus,Bangalore,Agriculture,Housewife,1,1,0,0,0,1,0,91,91,yes,Cognizant,0,yes,no,38
30101148,NITT,f,CS,On-campus,Vellore,Govt,Teacher,1,0,1,0,1,0,0,91,89,yes,NA,0,yes,no,75
30101149,GITB,f,CS,Pool-campus,Bangalore,Govt,Teacher,0,0,0,0,0,0,0,90,81,yes,Infosys,0,no,no,14
30101150,SITT,m,Mech,On-campus,Tumkur,Agriculture,Doctor,0,0,0,0,0,0,0,95,95,no,Infosys,0,no,yes,64
30101151,MSRITB,f,EEE,Off-campus,Gulbarga,Lawyer,Teacher,0,0,0,0,0,0,0,80,87,no,NA,2,yes,yes,81
30101152,PSGCTCO,f,CS,On-campus,Selam,Teacher,Housewife,3,0,3,1,2,0,0,94,103,yes,Mindtree,0,no,no,6
30101153,PSGCTCO,f,EEE,Pool-campus,Coimbatore,Agriculture,Lawyer,2,1,1,1,0,1,0,94,100,yes,Tech Mahindra,0,yes,yes,14
30101154,SASTRA,f,Mech,Pool-campus,Ooty,Agriculture,Teacher,2,2,0,0,0,0,2,85,93,yes,Mindtree,0,no,no,54
30101155,AnnaC,m,IS,Off-campus,Erode,Lawyer,Lawyer,3,1,2,1,1,0,1,91,98,no,NA,12,no,no,43
30101156,SASTRA,m,Mech,Pool-campus,Chennai,Lawyer,Doctor,0,0,0,0,0,0,0,98,98,no,Infosys,0,no,no,44
30101157,BITB,m,IS,Off-campus,Mangalore,Lawyer,Bank,1,1,0,0,0,0,1,93,85,yes,NA,6,no,yes,32
30101158,MSRITB,f,Mech,Off-campus,Gulbarga,Agriculture,Govt,1,1,0,0,0,1,0,81,78,no,NA,6,yes,no,6
30101159,RVCEB,f,Mech,Pool-campus,Raichur,Doctor,Doctor,1,1,0,0,0,1,0,83,87,no,Cognizant,0,no,yes,83
30101160,UVCEB,f,EEE,On-campus,Hassan,Teacher,Bank,2,0,2,2,0,0,0,95,98,no,Cognizant,0,no,yes,68
30101161,SASTRA,m,Mech,Pool-campus,Madurai,Lawyer,Lawyer,1,0,1,1,0,0,0,90,87,yes,Infosys,0,yes,no,11
30101162,BITB,f,CS,Pool-campus,Dharwad,Lawyer,Teacher,3,2,1,1,0,2,0,95,98,yes,Wipro,0,no,yes,95
30101163,IITMC,m,CS,Pool-campus,Namakkal,Doctor,Doctor,2,2,0,0,0,0,2,98,93,no,Infosys,0,yes,no,31
30101164,IITMC,m,IS,Pool-campus,Selam,Business,Doctor,1,0,1,0,1,0,0,92,82,yes,Cognizant,0,no,yes,50
30101165,CITCO,m,IS,On-campus,Namakkal,Govt,Doctor,1,1,0,0,0,0,1,91,98,yes,Mindtree,0,yes,no,46
30101166,GITB,f,CS,On-campus,Bangalore,Teacher,Housewife,3,3,0,0,0,2,1,91,98,yes,Infosys,0,yes,no,42
30101167,SASTRA,f,Mech,Pool-campus,Chennai,Teacher,Bank,1,1,0,0,0,0,1,94,91,no,Infosys,0,no,no,23
30101168,GITB,f,IS,On-campus,Dharwad,Lawyer,Govt,1,0,1,1,0,0,0,80,77,yes,Cognizant,0,no,no,61
30101169,BVBH,f,Mech,On-campus,Mysore,Business,Housewife,3,1,2,0,2,0,1,90,100,yes,NA,0,no,no,14
30101170,NIEMy,m,ECE,Off-campus,Shimoga,Doctor,Housewife,0,0,0,0,0,0,0,96,90,yes,NA,11,no,no,16
30101171,SITT,m,Mech,On-campus,Dharwad,Business,Doctor,1,0,1,0,1,0,0,80,90,no,Mindtree,0,yes,yes,88
30101172,IITMC,m,EEE,On-campus,Erode,Govt,Govt,1,0,1,0,1,0,0,89,97,no,Tech Mahindra,0,no,no,20
30101173,JSSCEB,m,Mech,Off-campus,Bangalore,Bank,Govt,3,2,1,0,1,1,1,91,89,no,NA,5,no,no,17
30101174,AmritaCO,f,EEE,On-campus,Ooty,Teacher,Teacher,1,1,0,0,0,1,0,98,98,yes,NA,0,yes,yes,55
30101175,UVCEB,f,IS,Off-campus,Mangalore,Teacher,Bank,0,0,0,0,0,0,0,86,91,no,NA,8,no,no,41
30101176,Malnad,f,Mech,Off-campus,Tumkur,Doctor,Doctor,1,0,1,1,0,0,0,89,87,no,NA,2,yes,yes,7
30101177,BITB,m,ECE,On-campus,Bangalore,Agriculture,Housewife,0,0,0,0,0,0,0,80,87,no,TCS,0,no,yes,56
30101178,SASTRA,m,IS,Pool-campus,Coimbatore,Teacher,Teacher,1,1,0,0,0,1,0,90,98,yes,Mindtree,0,yes,yes,83
30101179,Thiagarajar,f,Mech,Off-campus,Namakkal,Business,Teacher,1,0,1,0,1,0,0,95,98,no,NA,1,no,no,52
30101180,PSGCTCO,f,CS,On-campus,Namakkal,Teacher,Doctor,3,1,2,1,1,0,1,88,81,no,NA,0,yes,no,44
30101181,BVBH,f,Mech,Pool-campus,Davangere,Doctor,Doctor,2,0,2,2,0,0,0,89,95,no,Cognizant,0,yes,yes,85
30101182,RVCEB,f,Mech,Pool-campus,Dharwad,Lawyer,Govt,0,0,0,0,0,0,0,94,92,yes,HCL,0,no,no,46
30101183,AnnaC,m,CS,On-campus,Madurai,Teacher,Lawyer,3,2,1,1,0,0,2,98,102,no,HCL,0,no,no,63
30101184,NIEMy,f,ECE,Off-campus,Gulbarga,Doctor,Lawyer,3,0,3,0,3,0,0,81,72,no,NA,1,yes,no,84
30101185,SASTRA,f,Mech,Off-campus,Namakkal,Agriculture,Bank,1,1,0,0,0,1,0,96,103,yes,NA,9,yes,yes,6
30101186,BITB,f,CS,On-campus,Sirsi,Doctor,Doctor,0,0,0,0,0,0,0,92,95,no,Wipro,0,yes,yes,8
30101187,SDMD,m,CS,Off-campus,Shimoga,Agriculture,Lawyer,1,1,0,0,0,1,0,82,79,yes,NA,12,yes,no,49
30101188,BITB,m,IS,Pool-campus,Mangalore,Doctor,Doctor,1,0,1,0,1,0,0,90,90,yes,Infosys,0,yes,no,78
30101189,SASTRA,f,CS,Off-campus,Erode,Govt,Lawyer,3,2,1,1,0,0,2,81,72,yes,NA,5,yes,yes,10
30101190,NITS,f,IS,On-campus,Mandya,Govt,Bank,0,0,0,0,0,0,0,97,91,no,Mindtree,0,no,no,14
30101191,AnnaC,f,ECE,Pool-campus,Madurai,Business,Housewife,3,0,3,2,1,0,0,91,98,no,Wipro,0,no,yes,53
30101192,SASTRA,m,CS,Off-campus,Madurai,Bank,Bank,0,0,0,0,0,0,0,80,85,no,NA,10,no,yes,11
30101193,RVCEB,f,IS,Pool-campus,Dharwad,Teacher,Housewife,3,2,1,1,0,1,1,83,90,no,NA,0,no,yes,67
30101194,SASTRA,m,ECE,Off-campus,Karur,Lawyer,Housewife,1,0,1,0,1,0,0,96,106,no,NA,3,yes,yes,52
30101195,MITM,m,Mech,Off-campus,Hassan,Business,Doctor,2,1,1,0,1,0,1,92,87,yes,NA,4,yes,yes,80
30101196,BMSCEB,m,CS,Off-campus,Mangalore,Agriculture,Bank,0,0,0,0,0,0,0,82,72,yes,NA,7,no,no,46
30101197,JSSCEB,f,ECE,Pool-campus,Shimoga,Business,Housewife,0,0,0,0,0,0,0,91,98,no,NA,0,yes,no,47
30101198,SITT,f,Mech,Pool-campus,Hubli,Bank,Lawyer,1,1,0,0,0,1,0,95,98,no,NA,0,no,yes,78
30101199,AmritaCO,m,CS,Pool-campus,Kanchi,Teacher,Lawyer,2,0,2,0,2,0,0,88,81,no,Wipro,0,no,no,74
30101200,CITCO,f,EEE,On-campus,Madurai,Doctor,Doctor,1,1,0,0,0,0,1,88,87,no,TCS,0,no,yes,52
30101201,JSSCEB,m,Mech,Off-campus,Bagalkot,Bank,Lawyer,3,2,1,0,1,2,0,90,98,no,NA,6,no,yes,22
30101202,PSGCTCO,f,IS,On-campus,Selam,Business,Lawyer,0,0,0,0,0,0,0,86,79,no,Wipro,0,no,yes,60
30101203,NITT,f,ECE,Pool-campus,Selam,Bank,Bank,2,0,2,1,1,0,0,98,89,yes,HCL,0,no,yes,5
30101204,AmritaCO,f,EEE,Off-campus,Kanchi,Teacher,Teacher,2,2,0,0,0,1,1,91,83,no,NA,1,no,no,46
30101205,BMSCEB,m,CS,Pool-campus,Sirsi,Business,Govt,3,3,0,0,0,1,2,90,100,no,TCS,0,yes,yes,5
30101206,MITM,f,Mech,Pool-campus,Gulbarga,Agriculture,Lawyer,2,0,2,1,1,0,0,82,74,yes,Mindtree,0,yes,no,85
30101207,NITT,m,ECE,On-campus,Selam,Business,Housewife,1,1,0,0,0,1,0,88,87,yes,NA,0,yes,no,35
30101208,SITT,m,CS,Off-campus,Dharwad,Agriculture,Lawyer,3,2,1,1,0,1,1,88,82,no,NA,5,no,no,24
30101209,AnnaC,f,Mech,On-campus,Namakkal,Bank,Doctor,2,1,1,1,0,1,0,91,98,no,Infosys,0,yes,yes,78
30101210,CITCO,f,Mech,Pool-campus,Coimbatore,Bank,Lawyer,1,0,1,1,0,0,0,96,98,yes,TCS,0,yes,yes,29
30101211,RVCEB,f,ECE,Pool-campus,Hubli,Teacher,Doctor,2,2,0,0,0,1,1,90,88,no,Tech Mahindra,0,yes,yes,12
30101212,NITS,m,IS,Off-campus,Dharwad,Lawyer,Lawyer,1,1,0,0,0,1,0,96,98,no,NA,3,yes,yes,74
30101213,SASTRA,f,CS,Off-campus,Namakkal,Lawyer,Teacher,1,0,1,0,1,0,0,82,90,no,NA,9,no,no,53
30101214,BVBH,m,CS,On-campus,Hubli,Doctor,Doctor,2,0,2,0,2,0,0,88,80,no,Mindtree,0,no,no,9
30101215,MSRITB,f,CS,Off-campus,Sirsi,Govt,Housewife,3,0,3,1,2,0,0,87,84,yes,NA,2,no,no,40
30101216,Thiagarajar,m,ECE,On-campus,Erode,Bank,Doctor,1,1,0,0,0,0,1,85,85,no,HCL,0,no,no,19
30101217,NITS,f,ECE,On-campus,Tumkur,Agriculture,Lawyer,2,0,2,2,0,0,0,87,90,no,TCS,0,no,no,49
30101218,BVBH,f,Mech,Pool-campus,Hassan,Lawyer,Govt,1,1,0,0,0,0,1,85,79,no,TCS,0,yes,yes,34
30101219,BMSCEB,m,Mech,Pool-campus,Tumkur,Govt,Bank,0,0,0,0,0,0,0,89,87,yes,Mindtree,0,no,yes,50
30101220,Thiagarajar,f,CS,Off-campus,Namakkal,Lawyer,Housewife,2,1,1,1,0,1,0,98,98,no,NA,4,no,no,27
30101221,JSSCEB,m,IS,On-campus,Sirsi,Govt,Govt,3,1,2,2,0,0,1,95,88,yes,NA,0,no,no,93
30101222,JSSCEB,m,ECE,Off-campus,Sirsi,Agriculture,Doctor,0,0,0,0,0,0,0,82,78,yes,NA,2,no,no,69
30101223,Malnad,f,CS,On-campus,Hassan,Business,Lawyer,0,0,0,0,0,0,0,83,83,no,HCL,0,no,no,81
30101224,MVITB,m,IS,Pool-campus,Dharwad,Bank,Teacher,0,0,0,0,0,0,0,96,94,no,Wipro,0,yes,yes,4
30101225,Malnad,m,EEE,Pool-campus,Mandya,Agriculture,Doctor,2,1,1,1,0,1,0,88,95,yes,TCS,0,yes,no,57
30101226,AnnaC,f,CS,Off-campus,Ooty,Bank,Housewife,1,0,1,1,0,0,0,87,81,no,NA,7,no,no,18
30101227,JSSCEB,m,IS,Pool-campus,Shimoga,Lawyer,Teacher,2,2,0,0,0,2,0,90,94,yes,NA,0,yes,yes,21
30101228,Malnad,m,ECE,Pool-campus,Raichur,Govt,Lawyer,3,1,2,1,1,0,1,90,97,yes,HCL,0,yes,yes,51
30101229,RVCEB,f,IS,Pool-campus,Mangalore,Govt,Doctor,0,0,0,0,0,0,0,81,76,no,Wipro,0,no,yes,8
30101230,SASTRA,m,CS,On-campus,Chennai,Bank,Lawyer,2,2,0,0,0,0,2,97,100,yes,Tech Mahindra,0,yes,no,62
30101231,UVCEB,f,EEE,Off-campus,Hubli,Bank,Housewife,3,1,2,1,1,0,1,96,102,yes,NA,7,no,yes,65
30101232,SASTRA,f,Mech,On-campus,Erode,Doctor,Bank,3,2,1,0,1,0,2,81,86,yes,Cognizant,0,no,no,70
30101233,BMSCEB,f,ECE,Off-campus,Mandya,Teacher,Doctor,2,2,0,0,0,2,0,93,83,yes,NA,12,yes,yes,14
30101234,PESITB,f,IS,On-campus,Raichur,Govt,Doctor,2,2,0,0,0,2,0,88,90,no,NA,0,yes,yes,41
30101235,SASTRA,m,IS,Off-campus,Kanchi,Doctor,Housewife,3,0,3,0,3,0,0,97,105,yes,NA,1,no,no,58
30101236,UVCEB,m,ECE,On-campus,Bangalore,Lawyer,Bank,1,1,0,0,0,1,0,96,98,no,Tech Mahindra,0,yes,no,22
30101237,AmritaCO,m,IS,Off-campus,Chennai,Agriculture,Doctor,1,0,1,1,0,0,0,97,93,yes,NA,9,no,yes,38
30101238,AmritaCO,m,EEE,Off-campus,Ooty,Doctor,Housewife,3,1,2,0,2,1,0,95,105,yes,NA,2,yes,no,15
30101239,PSGCTCO,f,ECE,On-campus,Karur,Bank,Lawyer,3,0,3,0,3,0,0,95,93,no,Cognizant,0,yes,yes,81
30101240,GITB,m,CS,On-campus,Mysore,Doctor,Doctor,2,0,2,0,2,0,0,93,89,yes,TCS,0,no,no,28
30101241,AnnaC,m,CS,Off-campus,Coimbatore,Bank,Lawyer,3,2,1,1,0,0,2,87,87,no,NA,5,no,yes,93
30101242,JSSCEB,m,Mech,Off-campus,Shimoga,Teacher,Housewife,1,1,0,0,0,1,0,83,74,no,NA,1,yes,yes,30
30101243,MSRITB,f,Mech,Off-campus,Raichur,Teacher,Bank,2,1,1,1,0,1,0,82,75,no,NA,8,no,yes,5
30101244,MITM,f,ECE,On-campus,Mandya,Doctor,Lawyer,1,1,0,0,0,1,0,80,76,yes,Mindtree,0,no,no,85
30101245,Malnad,f,CS,On-campus,Sirsi,Agriculture,Housewife,2,0,2,0,2,0,0,90,99,yes,TCS,0,yes,yes,58
30101246,JSSCEB,m,IS,On-campus,Tumkur,Lawyer,Doctor,2,1,1,1,0,1,0,97,98,no,Cognizant,0,no,no,88
30101247,Malnad,m,ECE,Pool-campus,Tumkur,Bank,Teacher,2,1,1,0,1,1,0,92,98,yes,Infosys,0,no,no,16
30101248,BITB,m,CS,On-campus,Bangalore,Govt,Teacher,0,0,0,0,0,0,0,83,79,yes,TCS,0,yes,no,95
30101249,MSRITB,m,ECE,On-campus,Dharwad,Govt,Govt,2,0,2,1,1,0,0,83,81,no,Mindtree,0,no,yes,36
30101250,UVCEB,m,Mech,Off-campus,Shimoga,Lawyer,Bank,0,0,0,0,0,0,0,93,98,no,NA,2,yes,yes,62
30101251,CITCO,m,ECE,On-campus,Madurai,Lawyer,Lawyer,2,1,1,0,1,1,0,92,83,no,Mindtree,0,no,yes,89
30101252,GITB,f,CS,On-campus,Davangere,Doctor,Teacher,1,1,0,0,0,1,0,87,80,yes,Cognizant,0,yes,no,75
30101253,PSGCTCO,m,EEE,Off-campus,Erode,Bank,Bank,3,2,1,0,1,0,2,81,72,yes,NA,2,no,no,10
30101254,SITT,f,EEE,Pool-campus,Mandya,Bank,Bank,2,1,1,0,1,0,1,81,82,no,Cognizant,0,yes,yes,70
30101255,Malnad,f,CS,Off-campus,Dharwad,Doctor,Lawyer,3,2,1,1,0,0,2,91,98,yes,NA,8,no,yes,94
30101256,SASTRA,m,EEE,On-campus,Coimbatore,Govt,Teacher,2,0,2,0,2,0,0,95,98,yes,NA,0,yes,yes,26
30101257,NIEMy,f,EEE,Pool-campus,Tumkur,Business,Govt,3,1,2,0,2,0,1,94,85,no,Mindtree,0,yes,yes,52
30101258,PESITB,f,EEE,Off-campus,Mandya,Govt,Govt,1,0,1,1,0,0,0,91,84,yes,NA,3,yes,yes,14
30101259,BITB,m,ECE,Off-campus,Davangere,Doctor,Doctor,1,0,1,0,1,0,0,94,98,no,NA,6,no,no,28
30101260,AnnaC,f,EEE,Pool-campus,Madurai,Business,Govt,3,2,1,1,0,1,1,82,81,yes,NA,0,no,yes,84
30101261,Malnad,m,ECE,Pool-campus,Raichur,Doctor,Housewife,3,2,1,1,0,1,1,92,98,yes,HCL,0,yes,no,65
30101262,SITT,f,CS,On-campus,Mysore,Business,Doctor,2,1,1,0,1,0,1,84,92,yes,TCS,0,yes,yes,80
30101263,AmritaCO,m,ECE,Pool-campus,Coimbatore,Lawyer,Bank,2,0,2,2,0,0,0,92,86,yes,NA,0,yes,no,12
30101264,AmritaCO,f,Mech,Pool-campus,Erode,Teacher,Housewife,1,1,0,0,0,1,0,86,78,no,NA,0,yes,yes,44
30101265,BVBH,f,IS,On-campus,Raichur,Lawyer,Govt,0,0,0,0,0,0,0,84,94,no,Cognizant,0,yes,yes,50
30101266,AnnaC,m,CS,Off-campus,Erode,Lawyer,Lawyer,2,0,2,0,2,0,0,91,98,yes,NA,1,yes,yes,26
30101267,AnnaC,f,Mech,Pool-campus,Namakkal,Govt,Doctor,0,0,0,0,0,0,0,92,90,no,Cognizant,0,no,no,89
30101268,MITM,f,IS,Off-campus,Hubli,Teacher,Doctor,2,0,2,1,1,0,0,98,108,no,NA,5,no,yes,57
30101269,Malnad,m,IS,On-campus,Sirsi,Bank,Doctor,0,0,0,0,0,0,0,95,93,yes,NA,0,no,no,91
30101270,SDMD,m,Mech,On-campus,Hassan,Lawyer,Housewife,1,1,0,0,0,1,0,88,92,no,NA,0,no,yes,69
30101271,PSGCTCO,m,CS,On-campus,Coimbatore,Doctor,Lawyer,2,1,1,1,0,0,1,95,100,no,Tech Mahindra,0,yes,yes,61
30101272,NIEMy,m,EEE,Off-campus,Hassan,Doctor,Govt,3,2,1,0,1,1,1,81,81,yes,NA,2,yes,yes,72
30101273,IITMC,f,EEE,Pool-campus,Selam,Bank,Bank,0,0,0,0,0,0,0,81,86,no,TCS,0,no,yes,63
30101274,AnnaC,f,IS,On-campus,Madurai,Business,Govt,1,1,0,0,0,1,0,87,77,yes,Wipro,0,yes,no,26
30101275,SASTRA,m,Mech,On-campus,Madurai,Business,Govt,2,1,1,0,1,1,0,96,103,no,Mindtree,0,yes,yes,43
30101276,MVITB,f,Mech,On-campus,Mysore,Lawyer,Bank,1,0,1,1,0,0,0,92,98,yes,Tech Mahindra,0,no,yes,4
30101277,Malnad,f,Mech,On-campus,Bangalore,Bank,Doctor,3,3,0,0,0,2,1,90,92,yes,TCS,0,yes,yes,8
30101278,Malnad,m,EEE,Pool-campus,Davangere,Govt,Teacher,0,0,0,0,0,0,0,98,98,no,Infosys,0,yes,no,66
30101279,NITS,m,IS,Off-campus,Mandya,Doctor,Doctor,2,0,2,2,0,0,0,82,74,no,NA,5,no,no,85
30101280,UVCEB,f,ECE,Off-campus,Gulbarga,Business,Teacher,1,1,0,0,0,0,1,96,87,yes,NA,8,no,no,38
30101281,IITMC,m,CS,Pool-campus,Vellore,Doctor,Lawyer,0,0,0,0,0,0,0,81,81,no,NA,0,no,no,5
30101282,BVBH,m,CS,On-campus,Raichur,Govt,Teacher,3,2,1,0,1,2,0,87,87,yes,Infosys,0,yes,no,43
30101283,MVITB,m,Mech,Pool-campus,Mangalore,Govt,Bank,0,0,0,0,0,0,0,89,88,no,Infosys,0,no,no,51
30101284,NIEMy,f,EEE,Off-campus,Hassan,Teacher,Lawyer,0,0,0,0,0,0,0,98,98,yes,NA,10,no,yes,25
30101285,NITT,f,IS,On-campus,Namakkal,Lawyer,Govt,0,0,0,0,0,0,0,92,94,no,Infosys,0,yes,no,59
30101286,MITM,f,EEE,Off-campus,Gulbarga,Agriculture,Housewife,1,0,1,0,1,0,0,88,94,no,NA,2,no,yes,15
30101287,BVBH,m,ECE,Pool-campus,Davangere,Business,Lawyer,1,1,0,0,0,1,0,86,96,yes,Infosys,0,no,no,75
30101288,BITB,f,ECE,On-campus,Bangalore,Doctor,Govt,0,0,0,0,0,0,0,98,98,yes,HCL,0,no,no,29
30101289,Thiagarajar,m,Mech,Pool-campus,Ooty,Doctor,Housewife,3,0,3,3,0,0,0,88,96,no,Wipro,0,yes,no,12
30101290,MVITB,f,IS,Pool-campus,Mysore,Lawyer,Housewife,2,0,2,1,1,0,0,91,97,no,NA,0,no,no,37
30101291,NIEMy,m,ECE,Off-campus,Raichur,Teacher,Teacher,2,0,2,2,0,0,0,87,84,yes,NA,4,no,no,61
30101292,MITM,f,ECE,Pool-campus,Bagalkot,Doctor,Govt,0,0,0,0,0,0,0,86,80,no,Infosys,0,no,no,20
30101293,PSGCTCO,f,CS,Off-campus,Namakkal,Lawyer,Lawyer,0,0,0,0,0,0,0,96,87,no,NA,8,no,yes,65
30101294,AnnaC,m,Mech,On-campus,Vellore,Business,Housewife,0,0,0,0,0,0,0,88,93,no,HCL,0,yes,yes,20
30101295,BVBH,m,EEE,Pool-campus,Tumkur,Govt,Doctor,1,0,1,0,1,0,0,91,84,no,NA,0,no,yes,28
30101296,CITCO,m,IS,Pool-campus,Erode,Agriculture,Doctor,0,0,0,0,0,0,0,84,77,no,HCL,0,no,no,57
30101297,BMSCEB,f,IS,On-campus,Bangalore,Bank,Bank,0,0,0,0,0,0,0,84,93,yes,Infosys,0,no,yes,8
30101298,UVCEB,m,CS,Pool-campus,Davangere,Business,Doctor,0,0,0,0,0,0,0,90,92,no,Mindtree,0,no,no,13
30101299,AnnaC,m,EEE,On-campus,Madurai,Agriculture,Govt,3,2,1,0,1,1,1,81,71,no,HCL,0,no,yes,20
30101300,SDMD,f,Mech,Off-campus,Tumkur,Govt,Govt,2,1,1,0,1,1,0,98,98,no,NA,5,yes,yes,90
30101301,NITT,m,ECE,On-campus,Coimbatore,Business,Bank,1,1,0,0,0,0,1,83,88,no,HCL,0,no,yes,27
30101302,SITT,f,EEE,On-campus,Mysore,Doctor,Teacher,3,3,0,0,0,0,3,84,75,yes,TCS,0,no,no,25
30101303,GITB,f,IS,On-campus,Shimoga,Doctor,Lawyer,1,1,0,0,0,1,0,90,90,no,HCL,0,yes,yes,37
30101304,UVCEB,f,ECE,Off-campus,Mandya,Teacher,Lawyer,3,3,0,0,0,0,3,90,81,yes,NA,9,no,yes,44
30101305,CITCO,m,CS,Pool-campus,Selam,Doctor,Housewife,0,0,0,0,0,0,0,83,74,no,HCL,0,yes,yes,59
30101306,BVBH,f,Mech,Pool-campus,Mysore,Agriculture,Housewife,3,3,0,0,0,1,2,84,87,no,Tech Mahindra,0,yes,no,67
30101307,UVCEB,m,IS,Pool-campus,Raichur,Lawyer,Bank,3,1,2,2,0,1,0,96,98,yes,TCS,0,no,no,13
30101308,Thiagarajar,f,ECE,On-campus,Madurai,Govt,Lawyer,0,0,0,0,0,0,0,98,100,yes,Wipro,0,no,no,59
30101309,AnnaC,f,IS,Off-campus,Namakkal,Agriculture,Doctor,3,1,2,0,2,1,0,87,77,no,NA,7,yes,yes,35
30101310,BMSCEB,m,ECE,Pool-campus,Mysore,Teacher,Lawyer,0,0,0,0,0,0,0,91,96,yes,Mindtree,0,no,yes,62
30101311,PSGCTCO,f,CS,Off-campus,Kanchi,Bank,Doctor,2,0,2,0,2,0,0,94,90,yes,NA,4,yes,no,61
30101312,MVITB,f,EEE,On-campus,Tumkur,Business,Teacher,0,0,0,0,0,0,0,81,88,yes,Wipro,0,no,yes,33
30101313,BMSCEB,m,IS,On-campus,Dharwad,Business,Housewife,3,2,1,0,1,0,2,89,92,yes,NA,0,no,yes,42
30101314,NITS,m,CS,On-campus,Raichur,Lawyer,Govt,3,0,3,1,2,0,0,86,89,yes,HCL,0,no,no,83
30101315,NITT,m,CS,On-campus,Chennai,Teacher,Govt,1,1,0,0,0,0,1,92,92,yes,NA,0,no,no,48
30101316,BMSCEB,f,Mech,Pool-campus,Dharwad,Doctor,Govt,1,0,1,1,0,0,0,87,97,no,NA,0,yes,no,87
30101317,MVITB,f,Mech,Pool-campus,Hubli,Doctor,Govt,3,1,2,0,2,0,1,83,80,yes,Cognizant,0,no,yes,14
30101318,AmritaCO,f,Mech,On-campus,Kanchi,Agriculture,Govt,2,1,1,0,1,1,0,87,89,yes,Infosys,0,no,yes,35
30101319,PSGCTCO,f,EEE,Pool-campus,Madurai,Lawyer,Teacher,2,0,2,2,0,0,0,94,98,yes,Mindtree,0,yes,yes,46
30101320,SASTRA,m,Mech,Off-campus,Ooty,Agriculture,Govt,3,3,0,0,0,0,3,85,79,yes,NA,8,no,yes,93
30101321,SASTRA,f,EEE,Pool-campus,Vellore,Bank,Doctor,3,0,3,3,0,0,0,86,89,yes,NA,0,yes,yes,64
30101322,IITMC,f,CS,Pool-campus,Chennai,Agriculture,Teacher,1,1,0,0,0,1,0,90,90,no,NA,0,yes,no,23
30101323,MITM,f,CS,On-campus,Tumkur,Bank,Bank,1,0,1,1,0,0,0,83,85,no,Tech Mahindra,0,yes,yes,63
30101324,RVCEB,f,Mech,On-campus,Tumkur,Teacher,Housewife,1,0,1,1,0,0,0,94,98,no,TCS,0,no,no,25
30101325,SITT,m,ECE,Pool-campus,Tumkur,Lawyer,Govt,1,0,1,1,0,0,0,80,74,no,Tech Mahindra,0,no,yes,38
30101326,CITCO,m,EEE,On-campus,Namakkal,Lawyer,Lawyer,3,2,1,0,1,1,1,90,80,yes,NA,0,yes,no,88
30101327,Malnad,f,EEE,Off-campus,Dharwad,Agriculture,Bank,2,2,0,0,0,1,1,87,78,no,NA,9,no,yes,93
30101328,PSGCTCO,m,Mech,Off-campus,Ooty,Teacher,Teacher,1,1,0,0,0,0,1,87,95,no,NA,11,yes,no,26
30101329,UVCEB,f,CS,On-campus,Davangere,Teacher,Teacher,3,1,2,1,1,1,0,92,83,yes,Infosys,0,yes,yes,13
30101330,RVCEB,m,ECE,On-campus,Mysore,Teacher,Bank,2,2,0,0,0,2,0,86,84,yes,Tech Mahindra,0,yes,yes,20
30101331,Malnad,m,IS,Pool-campus,Hassan,Govt,Govt,3,0,3,3,0,0,0,86,87,yes,Mindtree,0,yes,no,23
30101332,Thiagarajar,f,CS,Off-campus,Kanchi,Teacher,Lawyer,1,1,0,0,0,1,0,88,80,yes,NA,9,no,yes,89
30101333,GITB,m,EEE,Pool-campus,Mandya,Agriculture,Doctor,2,1,1,1,0,1,0,80,90,yes,Wipro,0,no,no,34
30101334,MVITB,m,EEE,Off-campus,Hassan,Bank,Teacher,3,2,1,1,0,1,1,89,86,yes,NA,9,yes,yes,80
30101335,RVCEB,f,EEE,On-campus,Bagalkot,Business,Housewife,0,0,0,0,0,0,0,97,107,yes,Cognizant,0,yes,yes,76
30101336,BVBH,f,ECE,On-campus,Mandya,Business,Govt,2,2,0,0,0,2,0,81,79,no,TCS,0,no,yes,84
30101337,MSRITB,m,Mech,Pool-campus,Sirsi,Bank,Lawyer,2,1,1,0,1,1,0,96,88,yes,NA,0,yes,yes,79
30101338,MITM,m,EEE,On-campus,Mandya,Govt,Housewife,1,1,0,0,0,0,1,87,93,yes,Mindtree,0,no,no,45
30101339,SDMD,m,IS,On-campus,Bangalore,Bank,Bank,2,1,1,1,0,0,1,84,84,yes,Tech Mahindra,0,no,no,53
30101340,BVBH,f,Mech,Pool-campus,Mandya,Lawyer,Housewife,0,0,0,0,0,0,0,81,84,yes,Wipro,0,no,yes,88
30101341,Thiagarajar,f,ECE,Off-campus,Namakkal,Teacher,Govt,3,2,1,0,1,2,0,87,94,yes,NA,10,yes,no,69
30101342,Malnad,f,ECE,On-campus,Mangalore,Lawyer,Teacher,1,0,1,0,1,0,0,89,80,yes,NA,0,no,yes,85
30101343,MSRITB,f,Mech,Pool-campus,Mysore,Lawyer,Govt,2,1,1,0,1,0,1,95,86,no,NA,0,yes,yes,84
30101344,IITMC,f,CS,Off-campus,Vellore,Govt,Doctor,3,3,0,0,0,2,1,90,98,yes,NA,3,yes,yes,76
30101345,MITM,m,IS,Pool-campus,Mandya,Bank,Lawyer,2,2,0,0,0,1,1,93,98,no,TCS,0,no,no,96
30101346,BMSCEB,f,ECE,Pool-campus,Gulbarga,Agriculture,Govt,1,1,0,0,0,0,1,90,92,yes,Tech Mahindra,0,no,yes,90
30101347,GITB,f,ECE,On-campus,Bagalkot,Business,Teacher,3,3,0,0,0,0,3,88,95,yes,Infosys,0,yes,no,54
30101348,PSGCTCO,f,ECE,Off-campus,Chennai,Bank,Doctor,3,1,2,1,1,1,0,82,74,yes,NA,2,no,no,65
30101349,JSSCEB,m,IS,Off-campus,Mysore,Business,Govt,1,1,0,0,0,1,0,80,71,yes,NA,2,no,yes,29
30101350,Malnad,f,IS,Pool-campus,Tumkur,Business,Govt,1,0,1,1,0,0,0,90,85,no,Mindtree,0,yes,no,86
30101351,NITT,m,EEE,Pool-campus,Ooty,Bank,Doctor,3,0,3,0,3,0,0,97,94,yes,Mindtree,0,yes,no,8
30101352,AnnaC,m,EEE,Off-campus,Madurai,Govt,Lawyer,3,3,0,0,0,2,1,95,92,no,NA,10,no,no,73
30101353,BMSCEB,f,CS,On-campus,Mysore,Bank,Lawyer,3,3,0,0,0,2,1,88,86,no,Mindtree,0,yes,no,50
30101354,RVCEB,m,CS,Pool-campus,Bangalore,Agriculture,Teacher,1,0,1,1,0,0,0,98,108,yes,TCS,0,no,no,76
30101355,MITM,f,ECE,Off-campus,Hubli,Bank,Doctor,2,2,0,0,0,1,1,85,76,yes,NA,3,no,yes,9
30101356,BITB,f,Mech,On-campus,Sirsi,Lawyer,Teacher,3,3,0,0,0,2,1,94,98,no,Cognizant,0,yes,no,41
30101357,BMSCEB,m,ECE,On-campus,Davangere,Business,Lawyer,1,1,0,0,0,0,1,87,84,no,Cognizant,0,yes,yes,9
30101358,BMSCEB,m,IS,Pool-campus,Mandya,Lawyer,Housewife,1,0,1,1,0,0,0,95,98,no,Infosys,0,no,no,93
30101359,JSSCEB,m,Mech,On-campus,Gulbarga,Agriculture,Govt,1,1,0,0,0,1,0,94,98,no,NA,0,yes,no,56
30101360,MVITB,f,IS,Pool-campus,Davangere,Agriculture,Doctor,0,0,0,0,0,0,0,82,75,yes,HCL,0,yes,no,40
30101361,BMSCEB,f,CS,On-campus,Hubli,Bank,Housewife,1,1,0,0,0,0,1,92,98,yes,NA,0,yes,yes,60
30101362,UVCEB,f,CS,Pool-campus,Bagalkot,Agriculture,Doctor,2,1,1,1,0,0,1,86,87,no,Mindtree,0,yes,no,27
30101363,MITM,f,IS,On-campus,Hubli,Business,Lawyer,0,0,0,0,0,0,0,91,86,yes,NA,0,no,yes,45
30101364,MITM,m,CS,Off-campus,Davangere,Agriculture,Teacher,0,0,0,0,0,0,0,96,98,yes,NA,11,yes,yes,11
30101365,BVBH,m,CS,On-campus,Hubli,Govt,Teacher,3,0,3,1,2,0,0,89,92,yes,Tech Mahindra,0,yes,no,25
30101366,MVITB,f,CS,Pool-campus,Tumkur,Doctor,Doctor,3,0,3,3,0,0,0,98,98,no,NA,0,yes,yes,33
30101367,PESITB,m,IS,Pool-campus,Hassan,Agriculture,Bank,0,0,0,0,0,0,0,87,92,no,Mindtree,0,no,yes,5
30101368,NITT,f,Mech,On-campus,Kanchi,Lawyer,Teacher,0,0,0,0,0,0,0,97,107,yes,Cognizant,0,no,no,59
30101369,SASTRA,f,Mech,Pool-campus,Karur,Business,Govt,2,2,0,0,0,0,2,80,88,no,HCL,0,no,no,57
30101370,NIEMy,m,IS,Off-campus,Hassan,Lawyer,Doctor,1,1,0,0,0,1,0,94,101,yes,NA,7,yes,no,78
30101371,SDMD,f,ECE,Pool-campus,Hassan,Doctor,Lawyer,0,0,0,0,0,0,0,92,98,yes,TCS,0,no,no,48
30101372,MSRITB,m,ECE,Off-campus,Mandya,Doctor,Bank,1,1,0,0,0,0,1,88,81,no,NA,5,no,no,35
30101373,NIEMy,m,ECE,Pool-campus,Hubli,Business,Housewife,2,0,2,0,2,0,0,85,83,yes,Mindtree,0,yes,yes,93
30101374,IITMC,f,CS,On-campus,Chennai,Teacher,Lawyer,3,1,2,0,2,0,1,95,98,no,Infosys,0,no,no,74
30101375,CITCO,m,CS,On-campus,Ooty,Business,Teacher,1,1,0,0,0,0,1,86,95,yes,NA,0,no,yes,57
30101376,UVCEB,m,IS,Off-campus,Gulbarga,Govt,Govt,0,0,0,0,0,0,0,80,76,yes,NA,12,no,no,62
30101377,NITT,f,CS,Off-campus,Chennai,Business,Doctor,0,0,0,0,0,0,0,80,89,no,NA,11,yes,no,8
30101378,MVITB,f,ECE,Pool-campus,Hassan,Govt,Govt,3,2,1,0,1,1,1,82,92,no,Tech Mahindra,0,yes,no,64
30101379,Malnad,m,Mech,Pool-campus,Mangalore,Govt,Doctor,3,1,2,0,2,1,0,86,89,yes,NA,0,yes,yes,25
30101380,SITT,m,ECE,On-campus,Mysore,Doctor,Govt,0,0,0,0,0,0,0,83,79,yes,NA,0,no,yes,46
30101381,BVBH,f,EEE,Pool-campus,Mysore,Lawyer,Doctor,1,0,1,0,1,0,0,94,102,yes,NA,0,no,no,48
30101382,CITCO,m,IS,On-campus,Coimbatore,Agriculture,Teacher,3,1,2,1,1,1,0,80,75,yes,Cognizant,0,yes,no,23
30101383,PESITB,m,Mech,Pool-campus,Bagalkot,Govt,Bank,2,1,1,0,1,0,1,89,83,no,NA,0,yes,no,17
30101384,PSGCTCO,m,EEE,Pool-campus,Karur,Doctor,Govt,2,1,1,0,1,0,1,93,101,yes,NA,0,yes,yes,82
30101385,AmritaCO,m,CS,Off-campus,Namakkal,Business,Housewife,2,2,0,0,0,1,1,83,84,no,NA,1,yes,yes,50
30101386,PESITB,f,Mech,On-campus,Mandya,Govt,Bank,3,3,0,0,0,1,2,83,78,yes,HCL,0,no,yes,15
30101387,SITT,f,CS,Pool-campus,Shimoga,Doctor,Teacher,0,0,0,0,0,0,0,81,88,no,Mindtree,0,no,yes,16
30101388,MSRITB,f,IS,On-campus,Hubli,Business,Govt,3,0,3,0,3,0,0,92,98,yes,Infosys,0,yes,no,80
30101389,AmritaCO,m,IS,Off-campus,Madurai,Lawyer,Govt,2,1,1,1,0,0,1,83,92,no,NA,4,yes,no,21
30101390,NIEMy,f,Mech,On-campus,Hubli,Doctor,Doctor,0,0,0,0,0,0,0,97,92,yes,Cognizant,0,no,yes,80
30101391,UVCEB,f,CS,Pool-campus,Mangalore,Teacher,Bank,0,0,0,0,0,0,0,92,93,yes,Wipro,0,no,no,35
30101392,UVCEB,f,Mech,Off-campus,Mangalore,Bank,Lawyer,3,2,1,0,1,2,0,80,72,yes,NA,10,yes,yes,93
30101393,AnnaC,m,Mech,On-campus,Coimbatore,Agriculture,Teacher,3,0,3,1,2,0,0,86,85,yes,HCL,0,no,yes,12
30101394,MVITB,f,IS,Pool-campus,Hassan,Agriculture,Teacher,1,0,1,0,1,0,0,93,88,no,Wipro,0,no,yes,20
30101395,CITCO,f,EEE,Pool-campus,Namakkal,Bank,Govt,2,0,2,0,2,0,0,98,91,no,HCL,0,no,no,70
30101396,MSRITB,m,EEE,Pool-campus,Sirsi,Business,Housewife,2,2,0,0,0,0,2,97,98,yes,HCL,0,no,no,57
30101397,JSSCEB,m,IS,Off-campus,Mysore,Govt,Housewife,3,1,2,1,1,0,1,87,80,no,NA,1,no,no,71
30101398,MITM,m,EEE,Pool-campus,Mandya,Business,Bank,3,3,0,0,0,1,2,97,98,yes,NA,0,yes,yes,84
30101399,Thiagarajar,f,EEE,Off-campus,Selam,Govt,Teacher,2,2,0,0,0,0,2,80,84,yes,NA,7,yes,yes,73
30101400,SDMD,m,CS,Off-campus,Hassan,Business,Housewife,1,0,1,1,0,0,0,98,98,no,NA,10,yes,yes,52
30101401,MVITB,f,CS,Off-campus,Dharwad,Doctor,Doctor,0,0,0,0,0,0,0,93,86,no,NA,1,no,yes,69
30101402,AnnaC,f,Mech,Off-campus,Namakkal,Business,Housewife,3,2,1,1,0,0,2,96,87,yes,NA,5,no,no,70
30101403,MSRITB,m,EEE,Off-campus,Bagalkot,Bank,Doctor,3,1,2,1,1,1,0,91,84,yes,NA,2,yes,yes,17
30101404,NITS,m,ECE,Off-campus,Hubli,Govt,Housewife,3,0,3,2,1,0,0,97,93,yes,NA,2,yes,yes,96
30101405,CITCO,m,IS,Off-campus,Ooty,Doctor,Lawyer,0,0,0,0,0,0,0,87,80,yes,NA,11,yes,yes,96
30101406,BVBH,m,CS,Pool-campus,Mandya,Business,Housewife,1,1,0,0,0,1,0,88,81,yes,TCS,0,yes,yes,19
30101407,BMSCEB,m,ECE,On-campus,Hubli,Teacher,Bank,0,0,0,0,0,0,0,89,88,no,Cognizant,0,no,no,58
30101408,NITT,m,ECE,Pool-campus,Karur,Govt,Lawyer,1,0,1,1,0,0,0,86,79,yes,Mindtree,0,no,no,19
30101409,AmritaCO,m,CS,Off-campus,Coimbatore,Doctor,Doctor,0,0,0,0,0,0,0,88,93,yes,NA,6,no,no,56
30101410,NIEMy,m,ECE,On-campus,Davangere,Teacher,Housewife,2,2,0,0,0,1,1,96,99,no,Mindtree,0,no,no,52
30101411,SITT,f,EEE,Pool-campus,Dharwad,Bank,Lawyer,1,0,1,0,1,0,0,89,83,yes,NA,0,no,no,58
30101412,SASTRA,f,ECE,Pool-campus,Chennai,Govt,Teacher,0,0,0,0,0,0,0,81,85,yes,Wipro,0,yes,no,9
30101413,CITCO,m,IS,On-campus,Erode,Business,Govt,0,0,0,0,0,0,0,80,77,no,Mindtree,0,yes,no,87
30101414,IITMC,m,ECE,Pool-campus,Namakkal,Teacher,Lawyer,2,1,1,0,1,0,1,98,98,yes,Cognizant,0,yes,yes,21
30101415,SASTRA,f,Mech,Pool-campus,Madurai,Lawyer,Doctor,3,0,3,1,2,0,0,94,98,no,Infosys,0,yes,no,82
30101416,IITMC,m,CS,On-campus,Vellore,Teacher,Teacher,1,1,0,0,0,0,1,83,85,no,Cognizant,0,yes,no,55
30101417,MITM,m,ECE,On-campus,Davangere,Lawyer,Teacher,2,1,1,1,0,0,1,96,98,yes,Infosys,0,no,no,7
30101418,MVITB,m,EEE,On-campus,Bangalore,Govt,Teacher,0,0,0,0,0,0,0,83,74,yes,Wipro,0,no,no,7
30101419,NITS,f,ECE,Pool-campus,Mangalore,Bank,Teacher,3,0,3,1,2,0,0,89,91,yes,NA,0,yes,no,59
30101420,Thiagarajar,m,CS,Pool-campus,Ooty,Agriculture,Housewife,2,1,1,0,1,1,0,97,98,yes,Infosys,0,no,yes,38
30101421,AmritaCO,m,IS,On-campus,Chennai,Agriculture,Teacher,2,1,1,0,1,0,1,87,77,no,HCL,0,no,yes,8
30101422,MSRITB,m,EEE,On-campus,Mandya,Doctor,Housewife,3,1,2,2,0,0,1,91,98,yes,TCS,0,no,yes,83
30101423,CITCO,m,EEE,On-campus,Coimbatore,Business,Bank,3,0,3,3,0,0,0,90,84,yes,HCL,0,no,no,28
30101424,NIEMy,f,EEE,Off-campus,Mandya,Govt,Teacher,0,0,0,0,0,0,0,92,99,yes,NA,5,no,yes,40
30101425,IITMC,m,ECE,On-campus,Ooty,Teacher,Doctor,1,0,1,0,1,0,0,89,94,yes,Cognizant,0,no,yes,77
30101426,NITT,m,CS,Off-campus,Chennai,Govt,Doctor,2,0,2,0,2,0,0,98,95,no,NA,4,yes,yes,20
30101427,CITCO,m,CS,Pool-campus,Namakkal,Govt,Govt,3,3,0,0,0,2,1,90,98,no,Wipro,0,yes,yes,95
30101428,BITB,m,ECE,Pool-campus,Tumkur,Govt,Housewife,3,3,0,0,0,0,3,95,88,yes,TCS,0,yes,no,69
30101429,MITM,f,ECE,On-campus,Dharwad,Lawyer,Govt,2,2,0,0,0,2,0,97,88,yes,TCS,0,yes,yes,28
30101430,PSGCTCO,m,EEE,Off-campus,Karur,Business,Govt,2,1,1,0,1,0,1,96,101,no,NA,6,yes,no,62
30101431,JSSCEB,m,EEE,Pool-campus,Bangalore,Agriculture,Govt,2,0,2,1,1,0,0,83,90,yes,Tech Mahindra,0,no,no,23
30101432,MSRITB,f,EEE,Off-campus,Hassan,Bank,Housewife,2,0,2,0,2,0,0,80,83,no,NA,3,no,no,12
30101433,BITB,m,IS,Off-campus,Shimoga,Business,Bank,2,0,2,1,1,0,0,91,88,no,NA,6,no,no,46
30101434,GITB,m,IS,Pool-campus,Bagalkot,Agriculture,Govt,2,1,1,1,0,1,0,91,101,no,Wipro,0,yes,no,76
30101435,SASTRA,f,IS,Off-campus,Vellore,Govt,Teacher,3,0,3,0,3,0,0,93,98,yes,NA,2,yes,yes,36
30101436,MSRITB,f,IS,Pool-campus,Davangere,Lawyer,Housewife,0,0,0,0,0,0,0,84,75,no,TCS,0,yes,yes,14
30101437,NIEMy,m,CS,Off-campus,Dharwad,Bank,Govt,0,0,0,0,0,0,0,87,94,no,NA,5,yes,yes,24
30101438,BITB,f,CS,Pool-campus,Gulbarga,Agriculture,Govt,2,0,2,2,0,0,0,85,83,yes,Mindtree,0,yes,yes,78
30101439,SASTRA,m,Mech,Pool-campus,Madurai,Doctor,Lawyer,0,0,0,0,0,0,0,83,82,no,Infosys,0,no,yes,68
30101440,SASTRA,f,EEE,Pool-campus,Vellore,Business,Bank,2,2,0,0,0,0,2,95,95,yes,Cognizant,0,yes,no,89
30101441,NIEMy,f,Mech,Off-campus,Hassan,Business,Govt,1,0,1,1,0,0,0,84,83,no,NA,7,no,no,78
30101442,BMSCEB,m,ECE,Off-campus,Mysore,Bank,Lawyer,0,0,0,0,0,0,0,80,85,yes,NA,6,no,no,40
30101443,PESITB,m,IS,On-campus,Bagalkot,Lawyer,Govt,3,1,2,1,1,0,1,82,83,no,Tech Mahindra,0,no,no,37
30101444,Thiagarajar,f,CS,Pool-campus,Karur,Doctor,Housewife,0,0,0,0,0,0,0,95,98,no,NA,0,no,yes,46
30101445,SITT,f,ECE,Pool-campus,Bangalore,Doctor,Lawyer,2,2,0,0,0,0,2,92,102,no,HCL,0,yes,yes,44
30101446,IITMC,m,Mech,Off-campus,Kanchi,Business,Teacher,1,0,1,1,0,0,0,80,72,yes,NA,8,no,yes,56
30101447,PSGCTCO,f,Mech,Off-campus,Vellore,Lawyer,Teacher,2,0,2,0,2,0,0,87,84,no,NA,8,yes,no,84
30101448,RVCEB,m,CS,Pool-campus,Bagalkot,Govt,Lawyer,0,0,0,0,0,0,0,96,98,yes,Cognizant,0,no,no,53
30101449,Thiagarajar,f,Mech,On-campus,Madurai,Business,Govt,2,1,1,1,0,1,0,94,103,no,Mindtree,0,yes,yes,19
30101450,Thiagarajar,f,CS,Pool-campus,Kanchi,Lawyer,Housewife,2,2,0,0,0,0,2,87,81,no,Cognizant,0,no,no,45
30101451,UVCEB,m,CS,Off-campus,Hubli,Lawyer,Doctor,3,1,2,0,2,0,1,87,93,yes,NA,9,yes,no,15
30101452,PSGCTCO,f,EEE,Pool-campus,Namakkal,Teacher,Doctor,2,1,1,0,1,1,0,84,78,no,NA,0,no,no,36
30101453,SASTRA,f,EEE,Pool-campus,Erode,Business,Teacher,2,0,2,1,1,0,0,91,101,no,Wipro,0,no,no,30
30101454,PSGCTCO,f,CS,On-campus,Vellore,Business,Bank,2,0,2,2,0,0,0,94,98,yes,Tech Mahindra,0,no,yes,71
30101455,CITCO,f,ECE,Off-campus,Vellore,Doctor,Bank,1,0,1,1,0,0,0,83,89,no,NA,3,no,yes,28
30101456,BMSCEB,m,CS,On-campus,Mangalore,Business,Lawyer,2,2,0,0,0,2,0,83,82,yes,NA,0,yes,yes,90
30101457,Malnad,m,CS,Off-campus,Bangalore,Govt,Bank,3,3,0,0,0,1,2,92,90,yes,NA,11,no,yes,50
30101458,Malnad,f,Mech,On-campus,Gulbarga,Bank,Housewife,2,2,0,0,0,1,1,80,89,no,Mindtree,0,no,no,81
30101459,IITMC,f,CS,Off-campus,Chennai,Teacher,Doctor,2,1,1,0,1,0,1,83,79,no,NA,3,yes,no,84
30101460,PSGCTCO,m,IS,On-campus,Madurai,Govt,Housewife,1,0,1,0,1,0,0,81,82,yes,TCS,0,yes,no,33
30101461,PESITB,f,IS,Pool-campus,Tumkur,Govt,Doctor,2,2,0,0,0,0,2,93,89,yes,NA,0,no,no,5
30101462,NITT,m,Mech,On-campus,Karur,Business,Housewife,3,2,1,1,0,0,2,89,98,yes,Wipro,0,no,no,95
30101463,UVCEB,m,CS,Off-campus,Hassan,Teacher,Bank,0,0,0,0,0,0,0,80,82,yes,NA,5,yes,no,80
30101464,RVCEB,m,IS,On-campus,Mysore,Govt,Housewife,3,2,1,1,0,2,0,85,78,no,Cognizant,0,yes,yes,61
30101465,Thiagarajar,f,ECE,Pool-campus,Madurai,Bank,Teacher,3,1,2,0,2,0,1,83,84,no,NA,0,no,no,46
30101466,PSGCTCO,m,Mech,Off-campus,Erode,Bank,Lawyer,1,0,1,1,0,0,0,94,88,yes,NA,4,no,yes,78
30101467,PSGCTCO,f,IS,Off-campus,Selam,Agriculture,Lawyer,0,0,0,0,0,0,0,91,89,no,NA,9,yes,no,23
30101468,BMSCEB,m,CS,On-campus,Bangalore,Teacher,Bank,3,1,2,2,0,0,1,85,93,yes,Mindtree,0,no,yes,7
30101469,Malnad,f,CS,Pool-campus,Mangalore,Agriculture,Bank,3,3,0,0,0,1,2,90,82,yes,Cognizant,0,yes,yes,88
30101470,MSRITB,m,Mech,Off-campus,Gulbarga,Teacher,Doctor,3,0,3,0,3,0,0,93,88,yes,NA,11,yes,no,81
30101471,BITB,f,Mech,Off-campus,Shimoga,Govt,Housewife,0,0,0,0,0,0,0,90,87,yes,NA,4,yes,no,64
30101472,SASTRA,m,CS,Pool-campus,Erode,Agriculture,Govt,0,0,0,0,0,0,0,97,93,yes,NA,0,no,yes,4
30101473,MVITB,f,IS,Pool-campus,Mandya,Lawyer,Bank,1,0,1,0,1,0,0,89,94,yes,TCS,0,yes,yes,28
30101474,CITCO,f,CS,Pool-campus,Chennai,Agriculture,Teacher,1,1,0,0,0,0,1,86,89,no,HCL,0,yes,no,83
30101475,PSGCTCO,m,CS,On-campus,Karur,Lawyer,Lawyer,0,0,0,0,0,0,0,93,89,yes,Mindtree,0,no,no,84
30101476,Malnad,m,Mech,Pool-campus,Bangalore,Bank,Teacher,0,0,0,0,0,0,0,87,87,no,Wipro,0,yes,no,71
30101477,NITS,f,Mech,Pool-campus,Dharwad,Govt,Doctor,2,1,1,0,1,0,1,92,90,no,Tech Mahindra,0,no,yes,69
30101478,NIEMy,f,IS,On-campus,Davangere,Agriculture,Govt,0,0,0,0,0,0,0,94,99,no,Tech Mahindra,0,no,yes,17
30101479,AmritaCO,m,IS,On-campus,Kanchi,Doctor,Teacher,0,0,0,0,0,0,0,88,96,yes,Tech Mahindra,0,yes,yes,14
30101480,NITS,f,ECE,Pool-campus,Shimoga,Business,Govt,3,0,3,3,0,0,0,81,76,yes,HCL,0,yes,no,16
30101481,GITB,f,CS,Off-campus,Davangere,Lawyer,Govt,2,1,1,1,0,1,0,96,94,no,NA,12,no,no,26
30101482,SASTRA,f,Mech,Off-campus,Kanchi,Teacher,Doctor,3,2,1,1,0,0,2,87,80,yes,NA,5,no,no,21
30101483,MSRITB,f,CS,Pool-campus,Sirsi,Doctor,Housewife,0,0,0,0,0,0,0,87,85,yes,Wipro,0,yes,yes,23
30101484,PSGCTCO,m,EEE,Off-campus,Ooty,Business,Lawyer,2,0,2,2,0,0,0,81,75,no,NA,2,no,no,38
30101485,SITT,m,CS,Off-campus,Mysore,Bank,Bank,2,2,0,0,0,2,0,87,84,yes,NA,3,no,yes,85
30101486,AmritaCO,m,CS,Pool-campus,Madurai,Lawyer,Doctor,0,0,0,0,0,0,0,80,76,yes,Mindtree,0,yes,no,58
30101487,SDMD,f,EEE,On-campus,Tumkur,Bank,Lawyer,1,0,1,0,1,0,0,85,89,yes,Cognizant,0,no,yes,84
30101488,RVCEB,f,Mech,On-campus,Hassan,Agriculture,Bank,2,2,0,0,0,1,1,93,90,no,Infosys,0,no,yes,45
30101489,Malnad,f,EEE,Pool-campus,Mysore,Bank,Lawyer,3,1,2,1,1,1,0,92,83,yes,NA,0,no,no,87
30101490,MSRITB,m,EEE,On-campus,Mandya,Govt,Doctor,2,1,1,1,0,0,1,95,101,yes,NA,0,yes,yes,28
30101491,RVCEB,f,ECE,On-campus,Dharwad,Lawyer,Lawyer,2,0,2,1,1,0,0,86,83,no,Cognizant,0,no,no,77
30101492,RVCEB,m,ECE,On-campus,Bangalore,Lawyer,Govt,3,2,1,0,1,0,2,92,94,no,Wipro,0,no,yes,15
30101493,MVITB,f,CS,Off-campus,Hubli,Govt,Govt,3,3,0,0,0,0,3,93,86,no,NA,10,yes,no,10
30101494,UVCEB,m,CS,On-campus,Tumkur,Doctor,Bank,1,1,0,0,0,1,0,82,81,yes,HCL,0,no,no,56
30101495,PSGCTCO,f,EEE,Pool-campus,Vellore,Govt,Bank,0,0,0,0,0,0,0,98,103,no,TCS,0,no,yes,16
30101496,CITCO,f,Mech,Pool-campus,Karur,Business,Housewife,1,1,0,0,0,1,0,92,93,no,Mindtree,0,yes,yes,57
30101497,NIEMy,f,EEE,Off-campus,Raichur,Lawyer,Govt,2,0,2,0,2,0,0,85,75,no,NA,4,yes,yes,90
30101498,RVCEB,m,Mech,Pool-campus,Raichur,Business,Govt,0,0,0,0,0,0,0,87,95,yes,Infosys,0,no,yes,37
30101499,MVITB,f,CS,On-campus,Hubli,Agriculture,Govt,0,0,0,0,0,0,0,88,93,no,NA,0,yes,yes,60
30101500,SASTRA,m,ECE,On-campus,Chennai,Bank,Doctor,3,2,1,0,1,0,2,89,81,yes,Tech Mahindra,0,yes,yes,60
30101501,SDMD,f,ECE,Pool-campus,Gulbarga,Lawyer,Doctor,3,1,2,2,0,0,1,81,86,yes,NA,0,no,no,5
30101502,SASTRA,f,CS,Off-campus,Kanchi,Lawyer,Housewife,0,0,0,0,0,0,0,97,100,yes,NA,1,yes,no,34
30101503,MVITB,f,IS,Off-campus,Mysore,Agriculture,Lawyer,3,2,1,0,1,1,1,90,97,no,NA,10,yes,no,81
30101504,SDMD,f,IS,Off-campus,Dharwad,Teacher,Bank,1,1,0,0,0,0,1,84,94,yes,NA,3,yes,no,5
30101505,PSGCTCO,f,Mech,Pool-campus,Selam,Govt,Doctor,2,2,0,0,0,2,0,88,88,no,Wipro,0,yes,no,69
30101506,MVITB,m,IS,Pool-campus,Sirsi,Lawyer,Housewife,3,3,0,0,0,3,0,82,82,no,NA,0,yes,yes,74
30101507,NIEMy,m,EEE,On-campus,Sirsi,Agriculture,Housewife,1,1,0,0,0,0,1,96,96,yes,Infosys,0,no,yes,96
30101508,CITCO,f,EEE,Pool-campus,Karur,Business,Lawyer,1,0,1,0,1,0,0,86,76,yes,NA,0,no,yes,49
30101509,NIEMy,m,ECE,Off-campus,Dharwad,Govt,Bank,1,0,1,1,0,0,0,88,87,no,NA,7,yes,yes,6
30101510,MVITB,f,EEE,On-campus,Mysore,Govt,Govt,2,2,0,0,0,0,2,94,89,no,Mindtree,0,no,yes,82
30101511,RVCEB,m,EEE,Off-campus,Gulbarga,Teacher,Govt,2,0,2,2,0,0,0,96,97,no,NA,9,no,yes,25
30101512,JSSCEB,f,Mech,On-campus,Mandya,Bank,Bank,3,3,0,0,0,3,0,95,94,yes,Infosys,0,yes,no,52
30101513,SASTRA,f,EEE,Pool-campus,Vellore,Govt,Lawyer,3,0,3,2,1,0,0,93,93,no,Wipro,0,yes,no,23
30101514,JSSCEB,m,EEE,Pool-campus,Hassan,Doctor,Housewife,1,0,1,0,1,0,0,98,98,no,Infosys,0,yes,no,30
30101515,SITT,m,Mech,Pool-campus,Hubli,Govt,Housewife,1,0,1,0,1,0,0,84,89,yes,Mindtree,0,yes,no,90
30101516,BVBH,m,EEE,Pool-campus,Hassan,Lawyer,Doctor,0,0,0,0,0,0,0,96,95,yes,Infosys,0,no,yes,28
30101517,AmritaCO,m,Mech,On-campus,Erode,Business,Housewife,0,0,0,0,0,0,0,96,88,no,HCL,0,yes,no,53
30101518,SITT,m,ECE,Pool-campus,Hubli,Business,Housewife,3,3,0,0,0,3,0,96,92,no,NA,0,yes,yes,57
30101519,NITS,m,Mech,Pool-campus,Sirsi,Govt,Bank,0,0,0,0,0,0,0,92,91,yes,Wipro,0,no,yes,32
30101520,PSGCTCO,m,Mech,Off-campus,Karur,Doctor,Housewife,3,3,0,0,0,2,1,98,106,no,NA,8,no,no,96
30101521,MITM,f,EEE,Pool-campus,Hubli,Bank,Bank,2,0,2,2,0,0,0,88,85,no,Cognizant,0,no,yes,50
30101522,GITB,m,ECE,On-campus,Raichur,Bank,Bank,2,0,2,2,0,0,0,91,84,yes,NA,0,no,no,95
30101523,BVBH,m,Mech,Off-campus,Bagalkot,Govt,Doctor,0,0,0,0,0,0,0,88,88,no,NA,8,yes,yes,25
30101524,MSRITB,m,IS,Off-campus,Hassan,Bank,Doctor,1,1,0,0,0,1,0,83,90,yes,NA,9,yes,no,25
30101525,PSGCTCO,m,IS,Pool-campus,Selam,Doctor,Teacher,3,0,3,0,3,0,0,97,106,no,Tech Mahindra,0,no,yes,88
30101526,RVCEB,m,IS,Off-campus,Shimoga,Bank,Bank,2,2,0,0,0,0,2,86,93,no,NA,3,no,yes,72
30101527,UVCEB,m,IS,On-campus,Gulbarga,Doctor,Govt,0,0,0,0,0,0,0,84,86,yes,Infosys,0,no,no,72
30101528,BMSCEB,f,Mech,Off-campus,Hassan,Doctor,Doctor,2,2,0,0,0,0,2,94,101,no,NA,2,yes,no,58
30101529,BITB,m,CS,Off-campus,Gulbarga,Govt,Lawyer,2,0,2,1,1,0,0,87,93,yes,NA,11,yes,yes,90
30101530,MVITB,m,ECE,Off-campus,Tumkur,Agriculture,Teacher,2,1,1,0,1,0,1,92,98,yes,NA,7,no,yes,71
30101531,MSRITB,m,Mech,Off-campus,Mandya,Doctor,Teacher,3,3,0,0,0,1,2,85,88,no,NA,3,yes,no,51
30101532,UVCEB,f,Mech,On-campus,Gulbarga,Govt,Lawyer,0,0,0,0,0,0,0,93,98,no,NA,0,yes,yes,68
30101533,NITT,m,Mech,On-campus,Namakkal,Agriculture,Housewife,1,1,0,0,0,1,0,91,85,yes,Cognizant,0,yes,no,29
30101534,NITS,f,ECE,Pool-campus,Hubli,Bank,Bank,1,1,0,0,0,0,1,84,89,yes,NA,0,yes,yes,7
30101535,NITS,m,ECE,On-campus,Hubli,Teacher,Teacher,3,1,2,1,1,1,0,89,82,yes,HCL,0,yes,no,83
30101536,MVITB,f,CS,Off-campus,Bagalkot,Govt,Teacher,3,3,0,0,0,1,2,90,93,no,NA,10,no,yes,83
30101537,GITB,m,CS,Pool-campus,Mangalore,Business,Doctor,3,2,1,1,0,0,2,96,102,yes,Tech Mahindra,0,no,yes,30
30101538,IITMC,f,Mech,On-campus,Selam,Lawyer,Housewife,1,1,0,0,0,0,1,94,98,no,NA,0,no,no,30
30101539,UVCEB,f,CS,Off-campus,Hassan,Agriculture,Govt,0,0,0,0,0,0,0,87,94,yes,NA,6,no,yes,35
30101540,IITMC,m,CS,Off-campus,Erode,Doctor,Teacher,1,0,1,1,0,0,0,98,88,yes,NA,11,no,yes,32
30101541,Thiagarajar,f,CS,Off-campus,Vellore,Agriculture,Teacher,3,3,0,0,0,1,2,97,98,no,NA,11,no,yes,28
30101542,GITB,m,IS,On-campus,Mandya,Teacher,Teacher,0,0,0,0,0,0,0,82,92,yes,Cognizant,0,no,no,18
30101543,SASTRA,m,Mech,On-campus,Erode,Business,Govt,3,3,0,0,0,2,1,80,82,no,TCS,0,yes,yes,51
30101544,SDMD,m,IS,On-campus,Bangalore,Doctor,Housewife,0,0,0,0,0,0,0,94,94,no,HCL,0,no,no,14
30101545,PESITB,f,Mech,Off-campus,Mandya,Bank,Bank,2,1,1,1,0,1,0,87,85,yes,NA,7,yes,no,65
30101546,UVCEB,m,EEE,Off-campus,Sirsi,Teacher,Bank,1,0,1,0,1,0,0,86,94,no,NA,3,no,yes,89
30101547,GITB,m,Mech,Pool-campus,Mandya,Govt,Bank,0,0,0,0,0,0,0,87,94,yes,NA,0,no,no,54
30101548,RVCEB,f,ECE,Pool-campus,Hubli,Agriculture,Housewife,3,2,1,0,1,0,2,98,98,no,NA,0,yes,yes,88
30101549,MVITB,f,IS,Pool-campus,Dharwad,Lawyer,Lawyer,3,0,3,0,3,0,0,91,86,yes,Tech Mahindra,0,no,no,93
30101550,PSGCTCO,f,ECE,Pool-campus,Selam,Doctor,Doctor,3,0,3,2,1,0,0,96,98,no,HCL,0,yes,no,89
30101551,CITCO,m,EEE,Pool-campus,Madurai,Bank,Lawyer,3,2,1,0,1,1,1,96,98,no,Tech Mahindra,0,no,yes,48
30101552,JSSCEB,m,IS,Off-campus,Bangalore,Govt,Teacher,3,2,1,1,0,0,2,82,75,yes,NA,2,yes,yes,72
30101553,UVCEB,m,EEE,Pool-campus,Bangalore,Business,Bank,3,0,3,3,0,0,0,84,78,yes,Wipro,0,no,yes,62
30101554,BVBH,m,Mech,Pool-campus,Gulbarga,Bank,Housewife,0,0,0,0,0,0,0,95,89,no,NA,0,yes,yes,43
30101555,Thiagarajar,f,IS,On-campus,Selam,Bank,Lawyer,2,0,2,1,1,0,0,84,88,no,NA,0,yes,no,13
30101556,IITMC,m,Mech,On-campus,Namakkal,Doctor,Teacher,2,2,0,0,0,1,1,92,89,no,TCS,0,no,no,67
30101557,GITB,f,Mech,Pool-campus,Gulbarga,Teacher,Lawyer,0,0,0,0,0,0,0,86,83,no,NA,0,no,yes,56
30101558,CITCO,m,CS,Off-campus,Madurai,Business,Bank,0,0,0,0,0,0,0,87,93,no,NA,11,no,yes,89
30101559,BVBH,f,IS,On-campus,Bagalkot,Lawyer,Govt,3,3,0,0,0,3,0,98,92,yes,Cognizant,0,yes,yes,94
30101560,PESITB,f,CS,Off-campus,Hubli,Bank,Bank,3,1,2,0,2,1,0,95,91,yes,NA,6,yes,yes,65
30101561,JSSCEB,f,CS,On-campus,Mysore,Govt,Housewife,1,0,1,1,0,0,0,95,96,yes,Tech Mahindra,0,no,no,62
30101562,AmritaCO,m,EEE,Pool-campus,Selam,Agriculture,Housewife,3,1,2,0,2,1,0,89,91,yes,Cognizant,0,yes,no,42
30101563,MVITB,f,EEE,On-campus,Shimoga,Business,Lawyer,3,2,1,1,0,0,2,88,85,yes,HCL,0,yes,no,56
30101564,MSRITB,f,IS,Pool-campus,Mysore,Bank,Bank,2,0,2,1,1,0,0,85,92,no,NA,0,no,no,5
30101565,UVCEB,f,IS,On-campus,Raichur,Lawyer,Lawyer,3,0,3,1,2,0,0,85,95,yes,Mindtree,0,yes,no,60
30101566,RVCEB,f,ECE,Pool-campus,Mysore,Business,Govt,3,2,1,1,0,0,2,91,91,yes,NA,0,no,yes,55
30101567,JSSCEB,f,CS,On-campus,Mangalore,Agriculture,Bank,2,0,2,1,1,0,0,92,87,no,Tech Mahindra,0,yes,no,70
30101568,BMSCEB,m,Mech,On-campus,Mangalore,Govt,Lawyer,2,1,1,1,0,1,0,91,82,no,Tech Mahindra,0,no,yes,62
30101569,MSRITB,m,CS,On-campus,Mandya,Govt,Housewife,0,0,0,0,0,0,0,96,87,yes,Tech Mahindra,0,yes,yes,73
30101570,MSRITB,m,ECE,Pool-campus,Davangere,Teacher,Bank,3,2,1,0,1,2,0,85,81,yes,Tech Mahindra,0,yes,yes,12
30101571,AmritaCO,f,EEE,Off-campus,Ooty,Doctor,Doctor,1,0,1,0,1,0,0,80,81,yes,NA,6,no,no,15
30101572,SDMD,m,CS,On-campus,Hubli,Agriculture,Teacher,1,1,0,0,0,1,0,90,94,yes,TCS,0,yes,yes,4
30101573,NITT,m,IS,Pool-campus,Selam,Agriculture,Teacher,2,0,2,2,0,0,0,95,90,yes,Mindtree,0,no,no,72
30101574,AnnaC,f,IS,Off-campus,Madurai,Agriculture,Bank,0,0,0,0,0,0,0,81,80,no,NA,3,yes,yes,46
30101575,NIEMy,f,EEE,Off-campus,Hassan,Business,Doctor,3,3,0,0,0,2,1,96,101,yes,NA,9,no,yes,29
30101576,RVCEB,m,ECE,On-campus,Hassan,Govt,Doctor,0,0,0,0,0,0,0,84,86,yes,NA,0,no,no,30
30101577,SDMD,f,IS,Pool-campus,Bangalore,Business,Lawyer,0,0,0,0,0,0,0,89,85,yes,Infosys,0,yes,no,15
30101578,MVITB,f,EEE,On-campus,Mandya,Bank,Teacher,3,0,3,0,3,0,0,81,74,yes,HCL,0,no,yes,47
30101579,UVCEB,m,EEE,Pool-campus,Mangalore,Business,Housewife,1,1,0,0,0,0,1,94,87,no,Wipro,0,no,no,23
30101580,AnnaC,f,EEE,Off-campus,Namakkal,Teacher,Teacher,0,0,0,0,0,0,0,84,84,no,NA,8,no,yes,13
30101581,SITT,m,EEE,Pool-campus,Hubli,Teacher,Teacher,0,0,0,0,0,0,0,85,78,no,Wipro,0,yes,yes,21
30101582,SASTRA,f,EEE,Pool-campus,Vellore,Lawyer,Housewife,1,0,1,1,0,0,0,87,85,no,Mindtree,0,no,no,21
30101583,AmritaCO,f,CS,Pool-campus,Namakkal,Teacher,Bank,3,1,2,0,2,1,0,88,78,no,TCS,0,no,yes,92
30101584,SASTRA,m,ECE,On-campus,Selam,Business,Bank,2,1,1,0,1,1,0,87,96,yes,HCL,0,no,yes,21
30101585,RVCEB,f,EEE,Off-campus,Hubli,Bank,Housewife,2,1,1,0,1,1,0,82,86,yes,NA,11,no,no,44
30101586,MSRITB,m,Mech,Off-campus,Shimoga,Bank,Teacher,1,0,1,1,0,0,0,97,91,no,NA,10,no,yes,95
30101587,BVBH,m,EEE,Off-campus,Mandya,Doctor,Housewife,2,0,2,2,0,0,0,95,101,no,NA,4,yes,yes,93
30101588,GITB,f,CS,On-campus,Hubli,Bank,Housewife,0,0,0,0,0,0,0,85,76,no,Cognizant,0,no,yes,83
30101589,NITT,m,Mech,On-campus,Vellore,Teacher,Doctor,0,0,0,0,0,0,0,98,91,no,TCS,0,yes,no,91
30101590,MITM,m,ECE,On-campus,Hubli,Business,Doctor,3,2,1,1,0,0,2,97,102,no,HCL,0,yes,no,7
30101591,BITB,f,CS,On-campus,Bagalkot,Agriculture,Housewife,1,1,0,0,0,1,0,94,93,yes,NA,0,yes,yes,71
30101592,BMSCEB,f,CS,Off-campus,Dharwad,Teacher,Lawyer,0,0,0,0,0,0,0,87,81,no,NA,7,no,no,95
30101593,GITB,m,EEE,On-campus,Mangalore,Business,Teacher,0,0,0,0,0,0,0,86,76,no,TCS,0,no,no,12
30101594,GITB,m,IS,Off-campus,Dharwad,Business,Bank,1,0,1,1,0,0,0,90,86,yes,NA,10,yes,yes,50
30101595,AnnaC,f,EEE,Off-campus,Selam,Bank,Housewife,0,0,0,0,0,0,0,93,89,no,NA,4,yes,no,36
30101596,SDMD,f,ECE,Off-campus,Dharwad,Agriculture,Bank,3,1,2,0,2,0,1,93,86,no,NA,10,no,no,73
30101597,PSGCTCO,m,CS,Pool-campus,Ooty,Agriculture,Lawyer,0,0,0,0,0,0,0,88,94,no,Cognizant,0,no,yes,93
30101598,Thiagarajar,m,IS,Off-campus,Chennai,Bank,Teacher,3,0,3,0,3,0,0,85,77,no,NA,11,yes,no,50
30101599,GITB,f,Mech,Off-campus,Dharwad,Lawyer,Housewife,0,0,0,0,0,0,0,98,98,no,NA,1,no,no,45
30101600,Thiagarajar,m,IS,Off-campus,Selam,Business,Housewife,2,1,1,1,0,0,1,84,88,no,NA,1,yes,no,20
30101601,GITB,m,CS,On-campus,Gulbarga,Teacher,Teacher,3,3,0,0,0,2,1,83,93,no,Mindtree,0,no,yes,6
30101602,UVCEB,f,IS,Off-campus,Gulbarga,Lawyer,Bank,1,0,1,1,0,0,0,83,93,yes,NA,4,yes,no,54
30101603,PSGCTCO,f,IS,Pool-campus,Coimbatore,Lawyer,Govt,3,2,1,1,0,0,2,89,93,yes,NA,0,no,no,38
30101604,AnnaC,m,IS,Pool-campus,Vellore,Agriculture,Bank,0,0,0,0,0,0,0,91,92,yes,Tech Mahindra,0,no,no,66
30101605,JSSCEB,m,IS,Pool-campus,Hassan,Lawyer,Lawyer,2,1,1,0,1,0,1,80,79,no,HCL,0,no,no,86
30101606,PESITB,f,IS,On-campus,Shimoga,Teacher,Lawyer,3,1,2,0,2,0,1,88,97,yes,HCL,0,yes,yes,66
30101607,IITMC,f,ECE,On-campus,Erode,Business,Lawyer,3,1,2,2,0,1,0,93,94,no,NA,0,no,no,70
30101608,UVCEB,f,Mech,Off-campus,Mandya,Teacher,Teacher,0,0,0,0,0,0,0,96,98,yes,NA,9,no,yes,91
30101609,SITT,m,ECE,Pool-campus,Sirsi,Business,Doctor,0,0,0,0,0,0,0,80,79,no,Mindtree,0,no,no,38
30101610,SDMD,m,IS,Off-campus,Bagalkot,Business,Govt,0,0,0,0,0,0,0,82,89,no,NA,6,yes,yes,25
30101611,MITM,m,Mech,Off-campus,Tumkur,Teacher,Lawyer,2,2,0,0,0,0,2,86,78,yes,NA,1,yes,yes,64
30101612,NIEMy,m,IS,Pool-campus,Hubli,Teacher,Lawyer,2,0,2,1,1,0,0,93,99,no,Tech Mahindra,0,yes,no,50
30101613,SASTRA,m,EEE,On-campus,Madurai,Teacher,Doctor,3,1,2,2,0,1,0,80,82,yes,Mindtree,0,no,no,47
30101614,PSGCTCO,f,ECE,Off-campus,Chennai,Agriculture,Govt,3,2,1,0,1,1,1,83,79,yes,NA,6,no,yes,49
30101615,JSSCEB,f,EEE,Pool-campus,Shimoga,Lawyer,Lawyer,1,1,0,0,0,1,0,98,100,no,NA,0,yes,yes,46
30101616,SITT,m,Mech,On-campus,Shimoga,Teacher,Bank,2,1,1,0,1,1,0,93,88,yes,Mindtree,0,yes,yes,72
30101617,NIEMy,m,CS,Off-campus,Dharwad,Agriculture,Doctor,1,1,0,0,0,0,1,86,82,yes,NA,11,no,yes,33
30101618,GITB,m,ECE,Off-campus,Mysore,Business,Govt,1,0,1,1,0,0,0,90,100,no,NA,5,no,yes,23
30101619,CITCO,m,Mech,Off-campus,Selam,Business,Teacher,1,0,1,1,0,0,0,95,89,yes,NA,8,yes,yes,60
30101620,Malnad,f,EEE,Pool-campus,Dharwad,Doctor,Housewife,0,0,0,0,0,0,0,84,83,no,Wipro,0,yes,no,55
30101621,Malnad,f,Mech,Off-campus,Dharwad,Doctor,Housewife,1,0,1,0,1,0,0,81,83,yes,NA,7,yes,yes,61
30101622,MITM,m,ECE,Off-campus,Sirsi,Doctor,Housewife,0,0,0,0,0,0,0,96,94,no,NA,6,no,yes,27
30101623,AnnaC,f,Mech,Off-campus,Kanchi,Agriculture,Bank,3,2,1,1,0,1,1,88,82,no,NA,3,yes,no,75
30101624,SITT,m,IS,On-campus,Mangalore,Doctor,Govt,1,0,1,1,0,0,0,80,71,yes,NA,0,yes,no,26
30101625,SASTRA,m,IS,Off-campus,Karur,Agriculture,Doctor,2,0,2,1,1,0,0,95,88,no,NA,3,yes,yes,31
30101626,PESITB,m,IS,On-campus,Davangere,Doctor,Housewife,0,0,0,0,0,0,0,80,70,yes,Wipro,0,yes,no,41
30101627,BMSCEB,f,CS,On-campus,Mysore,Bank,Lawyer,1,1,0,0,0,0,1,81,79,yes,Infosys,0,yes,no,38
30101628,PSGCTCO,f,CS,On-campus,Erode,Agriculture,Govt,2,1,1,0,1,0,1,98,92,yes,Mindtree,0,no,no,8
30101629,GITB,m,EEE,On-campus,Gulbarga,Business,Teacher,0,0,0,0,0,0,0,83,75,no,NA,0,yes,no,39
30101630,MVITB,f,IS,Off-campus,Shimoga,Agriculture,Housewife,2,2,0,0,0,0,2,91,98,yes,NA,3,yes,yes,39
30101631,AmritaCO,f,ECE,On-campus,Namakkal,Agriculture,Teacher,3,1,2,0,2,0,1,88,80,no,Mindtree,0,yes,no,44
30101632,SDMD,f,Mech,On-campus,Dharwad,Govt,Housewife,0,0,0,0,0,0,0,98,98,yes,Tech Mahindra,0,yes,yes,46
30101633,MSRITB,f,ECE,Off-campus,Bangalore,Doctor,Bank,2,1,1,0,1,0,1,97,98,no,NA,5,no,yes,7
30101634,NITS,f,EEE,Pool-campus,Bangalore,Doctor,Teacher,2,0,2,2,0,0,0,90,86,yes,NA,0,yes,no,43
30101635,BMSCEB,f,CS,Off-campus,Mandya,Govt,Doctor,2,1,1,1,0,0,1,83,77,no,NA,5,yes,yes,9
30101636,UVCEB,f,CS,Off-campus,Shimoga,Lawyer,Teacher,2,1,1,0,1,0,1,95,102,yes,NA,4,no,no,29
30101637,SITT,m,EEE,Off-campus,Dharwad,Bank,Govt,0,0,0,0,0,0,0,88,78,yes,NA,10,no,no,18
30101638,IITMC,f,IS,On-campus,Selam,Lawyer,Doctor,0,0,0,0,0,0,0,91,91,no,Wipro,0,yes,yes,55
30101639,AnnaC,m,Mech,Pool-campus,Madurai,Business,Bank,0,0,0,0,0,0,0,92,98,no,Wipro,0,no,no,17
30101640,BMSCEB,m,CS,On-campus,Hassan,Govt,Housewife,0,0,0,0,0,0,0,98,98,yes,Infosys,0,yes,no,17
30101641,MITM,f,EEE,Pool-campus,Davangere,Business,Teacher,2,1,1,0,1,0,1,81,76,yes,HCL,0,no,no,35
30101642,MVITB,m,ECE,Pool-campus,Dharwad,Govt,Housewife,1,1,0,0,0,1,0,85,87,yes,Cognizant,0,yes,yes,81
30101643,PESITB,f,Mech,Off-campus,Mysore,Agriculture,Housewife,2,1,1,0,1,0,1,91,90,yes,NA,8,yes,no,42
30101644,SASTRA,f,IS,Off-campus,Coimbatore,Lawyer,Housewife,3,1,2,2,0,0,1,91,88,no,NA,3,no,yes,33
30101645,CITCO,f,Mech,Off-campus,Erode,Agriculture,Govt,0,0,0,0,0,0,0,91,93,yes,NA,11,no,no,17
30101646,PSGCTCO,m,ECE,Pool-campus,Vellore,Agriculture,Teacher,2,0,2,2,0,0,0,90,98,no,TCS,0,yes,no,91
30101647,MVITB,f,IS,On-campus,Hubli,Doctor,Lawyer,1,1,0,0,0,0,1,94,100,no,HCL,0,yes,yes,66
30101648,NITT,m,IS,Pool-campus,Madurai,Business,Lawyer,1,1,0,0,0,1,0,89,83,no,HCL,0,yes,no,82
30101649,NIEMy,f,ECE,On-campus,Shimoga,Govt,Bank,1,0,1,0,1,0,0,96,98,yes,HCL,0,no,no,62
30101650,BITB,f,CS,Pool-campus,Mysore,Bank,Govt,0,0,0,0,0,0,0,97,93,no,TCS,0,yes,yes,44
30101651,PSGCTCO,f,CS,On-campus,Vellore,Lawyer,Housewife,2,1,1,0,1,1,0,88,78,yes,Tech Mahindra,0,yes,yes,44
30101652,CITCO,m,CS,On-campus,Selam,Doctor,Govt,0,0,0,0,0,0,0,85,84,no,Mindtree,0,no,no,92
30101653,NITS,m,Mech,Pool-campus,Tumkur,Lawyer,Bank,2,2,0,0,0,0,2,95,98,yes,TCS,0,no,yes,37
30101654,CITCO,m,EEE,Off-campus,Selam,Bank,Teacher,1,0,1,1,0,0,0,87,93,yes,NA,6,yes,yes,4
30101655,NITT,m,Mech,Off-campus,Ooty,Teacher,Bank,1,0,1,0,1,0,0,93,102,yes,NA,2,no,yes,42
30101656,PSGCTCO,m,IS,On-campus,Namakkal,Bank,Doctor,1,0,1,1,0,0,0,83,80,yes,NA,0,no,no,17
30101657,PESITB,m,IS,Pool-campus,Dharwad,Govt,Doctor,0,0,0,0,0,0,0,91,98,yes,TCS,0,yes,no,40
30101658,IITMC,f,Mech,Off-campus,Coimbatore,Agriculture,Govt,1,0,1,1,0,0,0,88,85,no,NA,3,no,no,50
30101659,MSRITB,f,EEE,Pool-campus,Mandya,Business,Lawyer,0,0,0,0,0,0,0,85,91,yes,Wipro,0,no,yes,94
30101660,RVCEB,f,IS,Off-campus,Mandya,Teacher,Bank,3,3,0,0,0,2,1,80,84,no,NA,4,no,no,17
30101661,AnnaC,m,CS,Pool-campus,Namakkal,Doctor,Doctor,1,1,0,0,0,0,1,97,98,yes,TCS,0,no,no,76
30101662,MVITB,f,CS,Pool-campus,Bangalore,Bank,Govt,3,1,2,2,0,0,1,96,104,no,NA,0,no,yes,31
30101663,BVBH,f,CS,On-campus,Bagalkot,Agriculture,Lawyer,1,0,1,1,0,0,0,83,90,yes,Tech Mahindra,0,no,no,26
30101664,CITCO,f,EEE,On-campus,Chennai,Govt,Govt,1,1,0,0,0,1,0,87,88,yes,NA,0,no,yes,69
30101665,SDMD,f,CS,Off-campus,Gulbarga,Agriculture,Lawyer,2,2,0,0,0,1,1,89,99,yes,NA,8,no,yes,21
30101666,UVCEB,m,Mech,Off-campus,Sirsi,Govt,Govt,2,1,1,1,0,1,0,90,92,yes,NA,10,yes,yes,64
30101667,CITCO,m,EEE,On-campus,Namakkal,Bank,Housewife,1,0,1,0,1,0,0,84,76,yes,Mindtree,0,no,no,17
30101668,CITCO,m,ECE,Pool-campus,Erode,Doctor,Govt,0,0,0,0,0,0,0,84,77,yes,TCS,0,no,yes,10
30101669,MVITB,f,IS,Pool-campus,Raichur,Lawyer,Lawyer,1,0,1,1,0,0,0,84,91,no,Mindtree,0,no,no,75
30101670,AmritaCO,f,ECE,Pool-campus,Madurai,Govt,Housewife,3,3,0,0,0,2,1,91,98,no,NA,0,no,yes,59
30101671,JSSCEB,m,ECE,Pool-campus,Raichur,Bank,Lawyer,1,0,1,1,0,0,0,83,85,no,NA,0,yes,yes,23
30101672,AnnaC,f,Mech,Off-campus,Ooty,Agriculture,Govt,2,0,2,2,0,0,0,90,82,yes,NA,9,no,no,75
30101673,PESITB,m,EEE,On-campus,Raichur,Bank,Govt,3,0,3,3,0,0,0,88,95,yes,TCS,0,yes,yes,45
30101674,PSGCTCO,f,CS,Pool-campus,Kanchi,Bank,Housewife,2,2,0,0,0,0,2,80,84,no,Cognizant,0,yes,yes,94
30101675,SDMD,m,EEE,Off-campus,Mandya,Govt,Teacher,1,0,1,0,1,0,0,81,88,no,NA,9,yes,yes,46
30101676,BITB,f,EEE,On-campus,Bagalkot,Agriculture,Doctor,3,2,1,0,1,2,0,98,101,yes,NA,0,yes,yes,37
30101677,NITT,f,CS,Off-campus,Madurai,Lawyer,Teacher,3,2,1,1,0,2,0,94,86,no,NA,9,yes,yes,96
30101678,PSGCTCO,f,IS,On-campus,Namakkal,Govt,Teacher,2,1,1,0,1,0,1,94,90,no,HCL,0,yes,no,9
30101679,AmritaCO,m,CS,Off-campus,Karur,Govt,Govt,1,1,0,0,0,0,1,85,77,yes,NA,4,no,yes,43
30101680,RVCEB,m,EEE,Pool-campus,Hassan,Teacher,Lawyer,3,0,3,0,3,0,0,84,91,no,TCS,0,yes,no,33
30101681,MSRITB,f,Mech,Pool-campus,Hassan,Bank,Lawyer,3,1,2,2,0,0,1,94,100,no,Wipro,0,no,yes,40
30101682,BVBH,f,IS,Pool-campus,Mysore,Lawyer,Doctor,3,3,0,0,0,0,3,92,102,yes,HCL,0,yes,yes,84
30101683,Thiagarajar,f,EEE,Off-campus,Kanchi,Teacher,Lawyer,3,0,3,0,3,0,0,83,80,yes,NA,4,yes,yes,13
30101684,NIEMy,f,ECE,Pool-campus,Mandya,Doctor,Lawyer,1,1,0,0,0,0,1,97,87,yes,Cognizant,0,no,no,95
30101685,BVBH,m,IS,Off-campus,Mysore,Agriculture,Doctor,2,0,2,0,2,0,0,94,98,no,NA,4,yes,yes,96
30101686,PESITB,f,Mech,Off-campus,Gulbarga,Lawyer,Bank,3,3,0,0,0,2,1,92,98,yes,NA,8,yes,yes,81
30101687,UVCEB,m,IS,Pool-campus,Mandya,Govt,Teacher,0,0,0,0,0,0,0,95,86,yes,NA,0,yes,yes,86
30101688,IITMC,f,ECE,Off-campus,Madurai,Business,Housewife,2,0,2,1,1,0,0,94,87,yes,NA,1,no,yes,67
30101689,RVCEB,m,Mech,Off-campus,Hassan,Govt,Bank,2,2,0,0,0,0,2,90,92,yes,NA,12,no,yes,60
30101690,NITS,f,Mech,Off-campus,Davangere,Doctor,Govt,0,0,0,0,0,0,0,84,74,yes,NA,5,no,no,44
30101691,Thiagarajar,f,EEE,Off-campus,Ooty,Govt,Doctor,3,3,0,0,0,3,0,87,81,yes,NA,3,no,no,26
30101692,SASTRA,f,ECE,Off-campus,Vellore,Govt,Teacher,1,0,1,1,0,0,0,93,99,no,NA,10,yes,no,61
30101693,SDMD,m,Mech,On-campus,Raichur,Lawyer,Teacher,0,0,0,0,0,0,0,90,94,no,Tech Mahindra,0,no,yes,73
30101694,AnnaC,m,Mech,Off-campus,Coimbatore,Agriculture,Lawyer,3,1,2,1,1,1,0,87,84,no,NA,3,yes,yes,51
30101695,Thiagarajar,m,Mech,On-campus,Vellore,Lawyer,Housewife,0,0,0,0,0,0,0,87,78,no,NA,0,yes,no,34
30101696,AmritaCO,f,EEE,Off-campus,Karur,Doctor,Teacher,3,3,0,0,0,2,1,94,98,no,NA,2,yes,no,96
30101697,Thiagarajar,m,ECE,On-campus,Coimbatore,Lawyer,Doctor,0,0,0,0,0,0,0,93,100,no,Cognizant,0,no,no,32
30101698,JSSCEB,f,IS,Pool-campus,Sirsi,Teacher,Teacher,1,1,0,0,0,0,1,88,92,no,Tech Mahindra,0,no,no,45
30101699,SASTRA,f,Mech,Pool-campus,Ooty,Lawyer,Doctor,3,0,3,1,2,0,0,80,90,yes,Tech Mahindra,0,no,no,68
30101700,IITMC,f,CS,Pool-campus,Kanchi,Doctor,Teacher,1,0,1,0,1,0,0,90,84,yes,Infosys,0,no,no,10
30101701,SASTRA,m,CS,On-campus,Karur,Lawyer,Teacher,0,0,0,0,0,0,0,89,81,no,Tech Mahindra,0,yes,no,70
30101702,UVCEB,f,ECE,Pool-campus,Gulbarga,Doctor,Govt,1,1,0,0,0,1,0,91,92,no,NA,0,yes,no,23
30101703,Malnad,f,ECE,On-campus,Hassan,Agriculture,Housewife,3,3,0,0,0,2,1,80,85,no,Mindtree,0,no,no,86
30101704,SITT,f,ECE,Off-campus,Sirsi,Business,Govt,3,1,2,2,0,0,1,97,96,yes,NA,1,yes,no,33
30101705,NITT,m,CS,On-campus,Erode,Lawyer,Govt,2,2,0,0,0,1,1,96,98,no,NA,0,yes,yes,89
30101706,NIEMy,m,EEE,Pool-campus,Bangalore,Govt,Bank,2,1,1,1,0,0,1,94,91,yes,NA,0,no,yes,62
30101707,BVBH,f,IS,On-campus,Mandya,Teacher,Teacher,3,3,0,0,0,0,3,81,72,no,Mindtree,0,yes,no,42
30101708,MITM,f,CS,On-campus,Mysore,Govt,Lawyer,3,0,3,0,3,0,0,93,98,no,TCS,0,yes,yes,94
30101709,RVCEB,m,CS,Off-campus,Tumkur,Lawyer,Housewife,3,1,2,2,0,1,0,87,89,yes,NA,3,yes,yes,72
30101710,Malnad,m,IS,On-campus,Sirsi,Teacher,Doctor,1,1,0,0,0,1,0,92,99,yes,Infosys,0,no,yes,19
30101711,MITM,f,Mech,Pool-campus,Gulbarga,Agriculture,Govt,0,0,0,0,0,0,0,95,86,yes,Tech Mahindra,0,no,no,68
30101712,UVCEB,m,IS,On-campus,Bagalkot,Govt,Housewife,3,2,1,0,1,1,1,89,82,no,NA,0,yes,no,33
30101713,CITCO,f,ECE,Pool-campus,Madurai,Teacher,Govt,1,0,1,1,0,0,0,97,103,no,HCL,0,yes,yes,82
30101714,Malnad,f,CS,On-campus,Gulbarga,Lawyer,Bank,2,1,1,0,1,0,1,94,86,no,Wipro,0,no,no,66
30101715,SDMD,m,EEE,Off-campus,Mangalore,Govt,Teacher,1,1,0,0,0,1,0,95,89,no,NA,5,yes,no,42
30101716,MSRITB,m,ECE,Off-campus,Mangalore,Lawyer,Doctor,1,0,1,0,1,0,0,92,101,yes,NA,11,yes,no,14
30101717,NITS,m,Mech,Off-campus,Mandya,Govt,Teacher,3,1,2,2,0,1,0,92,89,yes,NA,4,yes,no,56
30101718,NIEMy,f,IS,Pool-campus,Mandya,Lawyer,Govt,3,3,0,0,0,3,0,95,93,no,HCL,0,no,yes,56
30101719,MVITB,f,ECE,On-campus,Sirsi,Business,Govt,0,0,0,0,0,0,0,97,98,yes,NA,0,no,no,22
30101720,AmritaCO,f,ECE,Pool-campus,Erode,Agriculture,Teacher,0,0,0,0,0,0,0,87,84,yes,HCL,0,no,yes,84
30101721,MSRITB,m,ECE,On-campus,Hubli,Lawyer,Housewife,3,2,1,1,0,2,0,85,85,no,TCS,0,yes,yes,33
30101722,BVBH,f,ECE,Off-campus,Gulbarga,Doctor,Lawyer,1,0,1,0,1,0,0,91,92,yes,NA,2,yes,no,89
30101723,NITS,f,Mech,On-campus,Mangalore,Lawyer,Bank,1,1,0,0,0,0,1,89,95,yes,Tech Mahindra,0,yes,no,80
30101724,NIEMy,f,ECE,Off-campus,Raichur,Business,Lawyer,3,2,1,0,1,1,1,92,100,yes,NA,2,yes,no,62
30101725,GITB,f,EEE,Off-campus,Sirsi,Agriculture,Govt,1,0,1,1,0,0,0,95,98,yes,NA,10,no,yes,19
30101726,BMSCEB,f,EEE,Pool-campus,Davangere,Teacher,Bank,2,0,2,2,0,0,0,89,91,yes,Mindtree,0,no,yes,19
30101727,GITB,m,EEE,On-campus,Mandya,Agriculture,Bank,3,2,1,0,1,0,2,86,79,no,Tech Mahindra,0,no,no,30
30101728,AnnaC,f,Mech,Off-campus,Coimbatore,Agriculture,Lawyer,1,1,0,0,0,0,1,91,100,no,NA,6,no,no,33
30101729,Thiagarajar,f,ECE,Off-campus,Ooty,Business,Doctor,0,0,0,0,0,0,0,87,96,yes,NA,4,no,yes,63
30101730,Thiagarajar,m,Mech,Off-campus,Erode,Doctor,Govt,2,2,0,0,0,2,0,98,98,no,NA,3,yes,yes,15
30101731,AmritaCO,f,CS,Off-campus,Karur,Bank,Housewife,0,0,0,0,0,0,0,89,80,yes,NA,3,no,no,15
30101732,RVCEB,m,IS,On-campus,Shimoga,Bank,Bank,0,0,0,0,0,0,0,87,95,no,TCS,0,yes,yes,36
30101733,SASTRA,f,EEE,On-campus,Karur,Doctor,Teacher,2,2,0,0,0,1,1,87,93,no,Mindtree,0,yes,yes,64
30101734,JSSCEB,m,ECE,On-campus,Mandya,Govt,Teacher,0,0,0,0,0,0,0,93,98,yes,NA,0,no,yes,14
30101735,CITCO,m,EEE,Off-campus,Erode,Doctor,Doctor,2,2,0,0,0,2,0,89,92,no,NA,4,no,no,59
30101736,CITCO,f,IS,Off-campus,Madurai,Teacher,Govt,0,0,0,0,0,0,0,82,76,no,NA,6,no,no,89
30101737,SITT,f,EEE,On-campus,Tumkur,Teacher,Lawyer,3,1,2,2,0,1,0,96,103,no,HCL,0,no,yes,22
30101738,CITCO,m,ECE,Pool-campus,Coimbatore,Bank,Housewife,3,3,0,0,0,3,0,86,89,yes,TCS,0,yes,yes,84
30101739,MSRITB,m,Mech,On-campus,Davangere,Business,Teacher,2,1,1,0,1,0,1,90,94,no,Tech Mahindra,0,yes,yes,69
30101740,BMSCEB,m,IS,Pool-campus,Bagalkot,Teacher,Govt,2,2,0,0,0,1,1,93,95,yes,Cognizant,0,yes,yes,13
30101741,UVCEB,f,CS,Pool-campus,Mandya,Agriculture,Doctor,1,1,0,0,0,1,0,96,106,no,NA,0,no,no,53
30101742,NIEMy,m,Mech,Pool-campus,Raichur,Teacher,Doctor,2,1,1,1,0,1,0,93,88,no,Tech Mahindra,0,yes,no,96
30101743,BMSCEB,m,CS,Pool-campus,Hassan,Agriculture,Govt,0,0,0,0,0,0,0,94,98,yes,NA,0,no,no,17
30101744,SDMD,m,ECE,On-campus,Dharwad,Agriculture,Teacher,0,0,0,0,0,0,0,98,98,no,HCL,0,no,yes,17
30101745,BITB,m,EEE,Off-campus,Davangere,Business,Doctor,1,0,1,0,1,0,0,82,82,yes,NA,4,no,yes,36
30101746,JSSCEB,f,Mech,Pool-campus,Mangalore,Doctor,Housewife,2,1,1,1,0,0,1,86,90,no,Cognizant,0,no,no,75
30101747,JSSCEB,f,Mech,Off-campus,Shimoga,Bank,Teacher,2,2,0,0,0,0,2,91,98,yes,NA,12,yes,no,34
30101748,NITS,m,CS,Pool-campus,Hubli,Doctor,Govt,1,0,1,0,1,0,0,93,98,no,HCL,0,no,yes,30
30101749,Thiagarajar,f,Mech,Pool-campus,Madurai,Doctor,Lawyer,1,0,1,0,1,0,0,93,98,yes,Mindtree,0,yes,no,11
30101750,NITS,m,CS,Off-campus,Hassan,Business,Lawyer,2,1,1,1,0,1,0,93,101,yes,NA,8,no,no,33
30101751,MVITB,m,IS,On-campus,Davangere,Lawyer,Govt,2,0,2,1,1,0,0,82,91,yes,Mindtree,0,yes,no,13
30101752,BITB,m,Mech,Pool-campus,Gulbarga,Lawyer,Doctor,1,1,0,0,0,0,1,94,99,yes,TCS,0,yes,yes,26
30101753,Malnad,f,EEE,On-campus,Mandya,Business,Govt,3,2,1,0,1,1,1,86,86,no,HCL,0,no,no,7
30101754,Malnad,m,EEE,On-campus,Gulbarga,Business,Housewife,0,0,0,0,0,0,0,90,84,no,Wipro,0,yes,yes,11
30101755,RVCEB,f,CS,Off-campus,Mysore,Bank,Housewife,3,3,0,0,0,0,3,84,82,yes,NA,7,yes,yes,71
30101756,CITCO,f,ECE,Pool-campus,Ooty,Lawyer,Doctor,1,0,1,0,1,0,0,81,88,no,HCL,0,no,no,86
30101757,RVCEB,f,EEE,Pool-campus,Tumkur,Teacher,Doctor,1,1,0,0,0,0,1,83,88,no,Cognizant,0,yes,yes,74
30101758,MITM,m,EEE,Off-campus,Tumkur,Lawyer,Teacher,3,2,1,0,1,0,2,93,102,no,NA,11,no,yes,69
30101759,MVITB,m,CS,On-campus,Hubli,Business,Teacher,3,2,1,0,1,2,0,93,85,no,Cognizant,0,no,no,36
30101760,PSGCTCO,m,EEE,Off-campus,Chennai,Doctor,Bank,3,3,0,0,0,2,1,95,88,yes,NA,11,yes,no,50
30101761,BVBH,f,CS,Off-campus,Bagalkot,Teacher,Teacher,2,1,1,1,0,0,1,95,88,no,NA,2,no,yes,29
30101762,BITB,f,IS,Pool-campus,Tumkur,Business,Doctor,0,0,0,0,0,0,0,94,90,no,Mindtree,0,no,yes,87
30101763,SASTRA,m,ECE,On-campus,Erode,Agriculture,Lawyer,2,2,0,0,0,0,2,98,105,yes,Wipro,0,no,yes,91
30101764,NIEMy,f,EEE,Off-campus,Hubli,Agriculture,Housewife,3,2,1,1,0,0,2,84,86,no,NA,7,yes,no,68
30101765,PESITB,m,CS,On-campus,Tumkur,Bank,Teacher,2,1,1,0,1,1,0,91,98,no,NA,0,yes,yes,46
30101766,MSRITB,m,CS,Pool-campus,Mangalore,Govt,Govt,2,0,2,0,2,0,0,86,88,yes,NA,0,no,no,29
30101767,PESITB,f,CS,Off-campus,Gulbarga,Doctor,Bank,3,0,3,1,2,0,0,87,94,no,NA,7,yes,no,88
30101768,PSGCTCO,f,ECE,Off-campus,Ooty,Business,Housewife,2,0,2,0,2,0,0,93,94,no,NA,12,yes,yes,19
30101769,Thiagarajar,m,Mech,Off-campus,Coimbatore,Doctor,Bank,3,2,1,1,0,0,2,83,73,no,NA,9,yes,yes,36
30101770,NITT,m,IS,On-campus,Karur,Lawyer,Govt,3,3,0,0,0,3,0,85,89,yes,HCL,0,yes,yes,82
30101771,SASTRA,f,ECE,On-campus,Namakkal,Business,Govt,0,0,0,0,0,0,0,82,89,no,Mindtree,0,no,yes,93
30101772,GITB,m,CS,Off-campus,Hubli,Lawyer,Housewife,0,0,0,0,0,0,0,91,94,no,NA,7,yes,yes,85
30101773,Malnad,m,ECE,Off-campus,Tumkur,Govt,Govt,2,0,2,0,2,0,0,80,90,yes,NA,9,yes,no,94
30101774,SASTRA,f,EEE,Off-campus,Ooty,Govt,Housewife,1,0,1,0,1,0,0,86,87,no,NA,1,yes,no,94
30101775,SASTRA,f,Mech,On-campus,Vellore,Govt,Doctor,0,0,0,0,0,0,0,84,92,yes,TCS,0,yes,yes,12
30101776,BVBH,m,CS,Pool-campus,Bangalore,Teacher,Lawyer,1,0,1,0,1,0,0,96,98,yes,Tech Mahindra,0,no,no,95
30101777,MITM,m,ECE,On-campus,Bangalore,Teacher,Teacher,3,0,3,2,1,0,0,97,98,no,Mindtree,0,no,yes,64
30101778,RVCEB,m,ECE,On-campus,Dharwad,Doctor,Doctor,3,3,0,0,0,0,3,91,98,yes,TCS,0,yes,yes,60
30101779,NITT,m,EEE,On-campus,Selam,Teacher,Lawyer,1,0,1,1,0,0,0,95,88,no,TCS,0,no,yes,68
30101780,PESITB,f,CS,Pool-campus,Sirsi,Doctor,Bank,0,0,0,0,0,0,0,94,93,no,Tech Mahindra,0,yes,yes,78
30101781,AnnaC,m,ECE,Pool-campus,Vellore,Bank,Housewife,2,0,2,0,2,0,0,80,88,no,Cognizant,0,yes,yes,75
30101782,NITS,f,CS,On-campus,Hassan,Business,Bank,1,0,1,1,0,0,0,84,94,no,Wipro,0,no,no,22
30101783,NITS,m,CS,Pool-campus,Davangere,Bank,Doctor,3,3,0,0,0,2,1,85,82,yes,Wipro,0,yes,yes,67
30101784,RVCEB,m,Mech,Off-campus,Mandya,Business,Govt,1,0,1,1,0,0,0,93,98,yes,NA,4,no,no,70
30101785,NITT,m,IS,Pool-campus,Namakkal,Agriculture,Housewife,0,0,0,0,0,0,0,83,81,yes,Infosys,0,yes,yes,68
30101786,Thiagarajar,m,Mech,Off-campus,Erode,Lawyer,Teacher,0,0,0,0,0,0,0,83,79,no,NA,7,no,no,67
30101787,PESITB,f,ECE,Off-campus,Sirsi,Govt,Govt,3,3,0,0,0,1,2,94,98,no,NA,9,yes,yes,95
30101788,MSRITB,f,CS,Off-campus,Hubli,Bank,Govt,3,3,0,0,0,2,1,87,92,no,NA,12,no,yes,96
30101789,UVCEB,m,Mech,Off-campus,Bagalkot,Agriculture,Bank,2,1,1,1,0,0,1,92,98,no,NA,7,no,no,12
30101790,Malnad,m,ECE,On-campus,Bangalore,Teacher,Bank,1,0,1,0,1,0,0,88,87,no,Mindtree,0,yes,yes,13
30101791,Thiagarajar,m,IS,On-campus,Karur,Lawyer,Bank,1,0,1,1,0,0,0,86,77,no,Cognizant,0,yes,no,62
30101792,NIEMy,f,Mech,On-campus,Shimoga,Teacher,Doctor,1,0,1,1,0,0,0,88,91,no,Tech Mahindra,0,no,yes,63
30101793,MVITB,m,Mech,Off-campus,Hassan,Agriculture,Doctor,3,1,2,0,2,1,0,89,81,yes,NA,2,yes,no,88
30101794,AmritaCO,m,Mech,Off-campus,Karur,Govt,Govt,2,0,2,2,0,0,0,93,90,no,NA,2,no,yes,84
30101795,SITT,f,ECE,Pool-campus,Sirsi,Lawyer,Lawyer,1,1,0,0,0,1,0,87,86,yes,NA,0,no,no,31
30101796,IITMC,m,EEE,On-campus,Madurai,Govt,Housewife,2,0,2,0,2,0,0,81,86,yes,Infosys,0,no,yes,16
30101797,NITT,m,Mech,On-campus,Karur,Teacher,Teacher,0,0,0,0,0,0,0,88,90,yes,Infosys,0,yes,no,19
30101798,NITS,m,CS,Pool-campus,Davangere,Doctor,Govt,1,1,0,0,0,1,0,96,99,no,TCS,0,yes,no,14
30101799,AmritaCO,m,IS,Off-campus,Karur,Lawyer,Bank,3,3,0,0,0,1,2,85,86,no,NA,4,yes,no,41
30101800,SDMD,m,CS,Off-campus,Hubli,Doctor,Lawyer,1,1,0,0,0,1,0,96,98,no,NA,7,yes,no,24
30101801,BVBH,m,IS,Off-campus,Mangalore,Business,Teacher,0,0,0,0,0,0,0,90,97,no,NA,12,no,yes,54
30101802,RVCEB,f,ECE,Off-campus,Gulbarga,Doctor,Housewife,1,1,0,0,0,0,1,82,74,yes,NA,12,no,no,17
30101803,PSGCTCO,m,EEE,Off-campus,Madurai,Bank,Doctor,1,1,0,0,0,1,0,86,81,no,NA,9,yes,yes,83
30101804,BITB,m,CS,On-campus,Bangalore,Teacher,Doctor,1,0,1,0,1,0,0,95,103,yes,Wipro,0,no,no,83
30101805,PSGCTCO,m,EEE,Off-campus,Selam,Doctor,Housewife,0,0,0,0,0,0,0,83,78,yes,NA,2,yes,yes,77
30101806,MITM,f,Mech,On-campus,Bangalore,Lawyer,Teacher,3,3,0,0,0,1,2,85,78,no,TCS,0,yes,yes,65
30101807,MITM,f,CS,On-campus,Davangere,Doctor,Bank,1,1,0,0,0,0,1,84,92,yes,NA,0,yes,yes,63
30101808,NITT,f,Mech,On-campus,Erode,Bank,Govt,1,1,0,0,0,1,0,88,90,yes,NA,0,no,yes,72
30101809,BVBH,m,ECE,Pool-campus,Bagalkot,Lawyer,Teacher,0,0,0,0,0,0,0,90,81,yes,TCS,0,no,yes,39
30101810,MVITB,m,ECE,Pool-campus,Dharwad,Agriculture,Housewife,0,0,0,0,0,0,0,93,90,no,Cognizant,0,yes,no,21
30101811,SDMD,m,CS,Off-campus,Davangere,Business,Doctor,1,1,0,0,0,0,1,85,91,no,NA,5,no,no,57
30101812,SASTRA,f,Mech,Off-campus,Ooty,Bank,Teacher,3,0,3,2,1,0,0,88,78,no,NA,4,no,yes,39
30101813,IITMC,m,Mech,On-campus,Selam,Doctor,Housewife,3,2,1,0,1,0,2,92,100,no,Tech Mahindra,0,yes,yes,90
30101814,NIEMy,f,ECE,Off-campus,Bagalkot,Business,Lawyer,2,1,1,1,0,1,0,88,86,yes,NA,3,no,yes,7
30101815,BVBH,m,CS,On-campus,Davangere,Govt,Doctor,3,3,0,0,0,3,0,98,98,yes,HCL,0,no,yes,21
30101816,MVITB,f,IS,Pool-campus,Bangalore,Govt,Bank,1,0,1,1,0,0,0,92,89,yes,Tech Mahindra,0,yes,no,47
30101817,UVCEB,f,ECE,Off-campus,Dharwad,Lawyer,Housewife,2,2,0,0,0,0,2,86,82,yes,NA,10,yes,yes,12
30101818,SASTRA,f,ECE,On-campus,Selam,Agriculture,Govt,1,1,0,0,0,0,1,93,89,no,HCL,0,no,no,54
30101819,NIEMy,m,IS,Pool-campus,Sirsi,Doctor,Doctor,0,0,0,0,0,0,0,94,102,no,HCL,0,yes,yes,9
30101820,IITMC,f,Mech,Pool-campus,Kanchi,Govt,Teacher,0,0,0,0,0,0,0,96,90,yes,NA,0,yes,yes,9
30101821,NITT,f,CS,Pool-campus,Erode,Bank,Lawyer,3,1,2,0,2,0,1,86,89,yes,Mindtree,0,no,yes,96
30101822,BMSCEB,m,EEE,Pool-campus,Sirsi,Teacher,Teacher,2,1,1,0,1,1,0,87,87,yes,NA,0,yes,no,33
30101823,PSGCTCO,f,Mech,Off-campus,Kanchi,Govt,Housewife,0,0,0,0,0,0,0,86,78,no,NA,5,no,no,72
30101824,SASTRA,f,IS,On-campus,Erode,Bank,Lawyer,0,0,0,0,0,0,0,80,81,no,NA,0,yes,no,79
30101825,MSRITB,m,IS,Pool-campus,Dharwad,Business,Govt,1,1,0,0,0,1,0,86,96,yes,HCL,0,yes,no,62
30101826,RVCEB,m,ECE,Off-campus,Sirsi,Lawyer,Bank,2,0,2,2,0,0,0,89,80,yes,NA,11,yes,no,37
30101827,AmritaCO,f,EEE,Pool-campus,Kanchi,Teacher,Bank,0,0,0,0,0,0,0,80,74,no,TCS,0,no,yes,4
30101828,BVBH,m,ECE,On-campus,Shimoga,Lawyer,Govt,3,3,0,0,0,1,2,94,92,yes,TCS,0,no,no,91
30101829,Malnad,f,Mech,Pool-campus,Raichur,Teacher,Doctor,2,2,0,0,0,0,2,91,83,no,HCL,0,yes,no,16
30101830,Thiagarajar,f,EEE,Pool-campus,Chennai,Agriculture,Housewife,0,0,0,0,0,0,0,98,94,yes,HCL,0,no,no,91
30101831,GITB,f,ECE,Pool-campus,Hubli,Teacher,Housewife,0,0,0,0,0,0,0,98,98,yes,Infosys,0,yes,yes,15
30101832,BVBH,f,ECE,On-campus,Bagalkot,Doctor,Bank,1,0,1,0,1,0,0,97,98,no,NA,0,no,no,42
30101833,GITB,f,IS,On-campus,Gulbarga,Business,Bank,3,2,1,1,0,1,1,82,87,no,Mindtree,0,no,yes,47
30101834,GITB,f,EEE,On-campus,Davangere,Bank,Doctor,2,2,0,0,0,2,0,97,98,no,Cognizant,0,yes,yes,59
30101835,Malnad,f,EEE,On-campus,Raichur,Doctor,Doctor,1,1,0,0,0,0,1,90,85,no,NA,0,no,yes,95
30101836,BMSCEB,m,CS,Pool-campus,Hassan,Business,Doctor,2,2,0,0,0,2,0,95,95,no,Wipro,0,no,yes,95
30101837,JSSCEB,m,IS,On-campus,Bangalore,Lawyer,Teacher,2,2,0,0,0,0,2,95,96,no,TCS,0,no,no,5
30101838,MITM,m,Mech,Off-campus,Hubli,Bank,Lawyer,3,3,0,0,0,1,2,94,87,no,NA,5,yes,yes,83
30101839,SASTRA,m,Mech,Off-campus,Namakkal,Bank,Teacher,0,0,0,0,0,0,0,97,98,no,NA,12,no,yes,6
30101840,SASTRA,f,CS,Pool-campus,Namakkal,Doctor,Bank,3,1,2,2,0,1,0,96,97,no,Cognizant,0,yes,no,55
30101841,SASTRA,f,EEE,On-campus,Vellore,Business,Doctor,3,0,3,3,0,0,0,87,96,yes,Cognizant,0,yes,no,5
30101842,MSRITB,f,IS,Off-campus,Mandya,Business,Doctor,0,0,0,0,0,0,0,94,98,yes,NA,1,yes,yes,68
30101843,SITT,m,ECE,On-campus,Hassan,Lawyer,Govt,1,0,1,1,0,0,0,93,90,yes,Infosys,0,no,no,27
30101844,RVCEB,f,IS,Off-campus,Gulbarga,Doctor,Bank,0,0,0,0,0,0,0,94,87,yes,NA,12,yes,yes,54
30101845,SDMD,m,Mech,On-campus,Hubli,Agriculture,Teacher,2,2,0,0,0,1,1,92,95,no,HCL,0,yes,yes,15
30101846,MSRITB,m,IS,On-campus,Mangalore,Teacher,Housewife,2,0,2,0,2,0,0,89,91,yes,HCL,0,yes,no,50
30101847,MITM,m,ECE,Off-campus,Sirsi,Business,Teacher,0,0,0,0,0,0,0,84,80,yes,NA,12,no,yes,41
30101848,AmritaCO,m,ECE,On-campus,Namakkal,Business,Govt,0,0,0,0,0,0,0,89,93,yes,Tech Mahindra,0,yes,no,44
30101849,BMSCEB,m,EEE,Pool-campus,Tumkur,Lawyer,Housewife,2,2,0,0,0,1,1,82,85,no,TCS,0,no,yes,76
30101850,NIEMy,m,Mech,Off-campus,Hassan,Agriculture,Doctor,1,0,1,0,1,0,0,88,94,yes,NA,7,no,yes,87
30101851,Malnad,m,Mech,Pool-campus,Hassan,Bank,Bank,1,0,1,0,1,0,0,95,98,no,NA,0,no,no,23
30101852,BITB,m,ECE,Pool-campus,Mangalore,Teacher,Bank,0,0,0,0,0,0,0,80,73,no,Wipro,0,yes,no,64
30101853,RVCEB,f,IS,Pool-campus,Bagalkot,Agriculture,Doctor,1,1,0,0,0,1,0,89,86,yes,Wipro,0,yes,yes,58
30101854,PSGCTCO,m,Mech,Off-campus,Coimbatore,Bank,Housewife,3,3,0,0,0,0,3,86,83,yes,NA,7,yes,yes,4
30101855,BMSCEB,m,EEE,Off-campus,Mandya,Teacher,Govt,2,0,2,0,2,0,0,92,101,no,NA,3,yes,yes,25
30101856,SDMD,m,ECE,Off-campus,Mandya,Teacher,Bank,3,1,2,2,0,0,1,88,89,yes,NA,6,no,no,58
30101857,MVITB,f,CS,Pool-campus,Bangalore,Govt,Teacher,0,0,0,0,0,0,0,92,97,yes,Wipro,0,yes,no,19
30101858,SASTRA,m,ECE,Pool-campus,Namakkal,Bank,Lawyer,3,2,1,1,0,0,2,97,98,no,NA,0,no,no,4
30101859,AnnaC,m,EEE,Off-campus,Kanchi,Teacher,Housewife,3,1,2,0,2,0,1,97,104,no,NA,9,no,no,49
30101860,BVBH,m,ECE,Off-campus,Bagalkot,Business,Govt,3,2,1,1,0,1,1,93,103,yes,NA,12,yes,yes,54
30101861,MVITB,f,ECE,On-campus,Hubli,Business,Govt,1,0,1,1,0,0,0,80,73,yes,NA,0,yes,no,49
30101862,PESITB,m,Mech,Pool-campus,Dharwad,Teacher,Lawyer,2,0,2,2,0,0,0,91,99,yes,Wipro,0,yes,no,20
30101863,SASTRA,f,Mech,On-campus,Erode,Lawyer,Govt,2,2,0,0,0,2,0,97,98,yes,HCL,0,yes,no,12
30101864,UVCEB,m,CS,Pool-campus,Bagalkot,Teacher,Teacher,2,0,2,2,0,0,0,81,81,yes,NA,0,no,yes,87
30101865,UVCEB,f,ECE,On-campus,Davangere,Business,Lawyer,0,0,0,0,0,0,0,95,98,no,Cognizant,0,yes,no,33
30101866,GITB,m,Mech,Pool-campus,Tumkur,Teacher,Teacher,2,1,1,1,0,0,1,82,92,no,TCS,0,yes,yes,78
30101867,SDMD,f,CS,On-campus,Shimoga,Teacher,Lawyer,1,1,0,0,0,0,1,97,91,no,Tech Mahindra,0,no,yes,38
30101868,SDMD,f,EEE,On-campus,Gulbarga,Agriculture,Housewife,3,2,1,1,0,0,2,90,90,no,NA,0,yes,yes,76
30101869,IITMC,f,CS,On-campus,Madurai,Bank,Lawyer,2,0,2,0,2,0,0,84,92,yes,Infosys,0,yes,no,92
30101870,MSRITB,m,CS,Off-campus,Gulbarga,Bank,Doctor,1,0,1,0,1,0,0,84,88,yes,NA,8,no,yes,52
30101871,BITB,m,Mech,Off-campus,Dharwad,Business,Bank,1,0,1,1,0,0,0,94,93,yes,NA,11,no,no,54
30101872,NIEMy,m,IS,On-campus,Dharwad,Doctor,Housewife,2,1,1,1,0,0,1,98,98,yes,Wipro,0,no,no,70
30101873,IITMC,m,CS,Off-campus,Madurai,Business,Housewife,0,0,0,0,0,0,0,90,84,yes,NA,3,no,no,74
30101874,JSSCEB,f,ECE,Pool-campus,Bangalore,Business,Teacher,1,1,0,0,0,0,1,93,102,no,Tech Mahindra,0,yes,yes,94
30101875,MITM,f,Mech,Pool-campus,Bagalkot,Agriculture,Teacher,3,1,2,0,2,1,0,85,78,yes,Wipro,0,no,yes,55
30101876,IITMC,m,Mech,Pool-campus,Selam,Bank,Doctor,1,1,0,0,0,1,0,87,77,yes,NA,0,no,no,51
30101877,NIEMy,m,IS,Pool-campus,Mandya,Doctor,Teacher,3,3,0,0,0,0,3,97,98,yes,HCL,0,yes,no,88
30101878,AnnaC,f,Mech,On-campus,Karur,Agriculture,Teacher,2,2,0,0,0,0,2,88,97,no,Wipro,0,no,no,56
30101879,IITMC,m,CS,Off-campus,Vellore,Lawyer,Bank,0,0,0,0,0,0,0,94,87,yes,NA,8,no,yes,25
30101880,NITT,f,ECE,On-campus,Erode,Govt,Housewife,1,1,0,0,0,1,0,88,89,no,Wipro,0,no,no,24
30101881,MVITB,f,EEE,Off-campus,Mangalore,Govt,Lawyer,3,2,1,1,0,2,0,88,80,no,NA,7,yes,yes,89
30101882,PSGCTCO,m,ECE,Off-campus,Ooty,Doctor,Teacher,3,0,3,1,2,0,0,98,98,no,NA,4,no,no,78
30101883,PESITB,m,IS,Off-campus,Shimoga,Govt,Bank,2,0,2,1,1,0,0,88,98,yes,NA,2,yes,no,10
30101884,RVCEB,f,CS,On-campus,Mysore,Teacher,Doctor,1,1,0,0,0,0,1,83,93,yes,Wipro,0,no,yes,26
30101885,AnnaC,f,IS,Pool-campus,Ooty,Govt,Govt,1,0,1,0,1,0,0,89,96,yes,TCS,0,no,no,60
30101886,NITS,f,IS,Pool-campus,Sirsi,Govt,Doctor,0,0,0,0,0,0,0,86,92,yes,NA,0,yes,yes,25
30101887,SITT,m,CS,On-campus,Hubli,Bank,Housewife,3,1,2,1,1,1,0,93,84,no,NA,0,no,yes,17
30101888,NIEMy,m,ECE,Pool-campus,Bagalkot,Teacher,Govt,0,0,0,0,0,0,0,86,93,no,Mindtree,0,yes,yes,72
30101889,BITB,f,CS,Off-campus,Gulbarga,Teacher,Bank,1,1,0,0,0,0,1,90,81,yes,NA,7,no,no,16
30101890,RVCEB,f,ECE,On-campus,Sirsi,Lawyer,Lawyer,3,3,0,0,0,2,1,85,75,no,Tech Mahindra,0,yes,yes,21
30101891,NIEMy,f,EEE,Off-campus,Bangalore,Teacher,Doctor,0,0,0,0,0,0,0,96,98,no,NA,2,no,yes,19
30101892,CITCO,m,ECE,Off-campus,Selam,Agriculture,Govt,2,0,2,2,0,0,0,80,72,no,NA,2,no,no,71
30101893,SITT,m,EEE,Off-campus,Mandya,Agriculture,Teacher,1,0,1,1,0,0,0,88,97,yes,NA,9,no,yes,71
30101894,AnnaC,f,ECE,On-campus,Chennai,Teacher,Housewife,2,0,2,2,0,0,0,97,89,yes,TCS,0,no,no,70
30101895,RVCEB,m,CS,Off-campus,Mysore,Lawyer,Doctor,1,0,1,0,1,0,0,90,83,no,NA,9,yes,yes,74
30101896,SITT,m,CS,Pool-campus,Dharwad,Doctor,Teacher,3,2,1,1,0,2,0,88,83,yes,Infosys,0,no,no,25
30101897,UVCEB,f,ECE,Off-campus,Raichur,Govt,Teacher,2,2,0,0,0,2,0,97,103,yes,NA,3,no,no,29
30101898,PSGCTCO,f,Mech,On-campus,Vellore,Teacher,Lawyer,1,1,0,0,0,1,0,80,74,no,Mindtree,0,yes,yes,49
30101899,UVCEB,m,EEE,On-campus,Mandya,Doctor,Govt,2,0,2,2,0,0,0,95,104,no,Cognizant,0,yes,no,67
30101900,GITB,f,IS,Off-campus,Bagalkot,Agriculture,Housewife,0,0,0,0,0,0,0,94,86,no,NA,6,no,no,10
30101901,MITM,f,CS,Off-campus,Bangalore,Teacher,Teacher,0,0,0,0,0,0,0,98,98,no,NA,4,yes,no,78
30101902,SITT,f,CS,Pool-campus,Bangalore,Teacher,Govt,0,0,0,0,0,0,0,95,98,no,Tech Mahindra,0,yes,no,57
30101903,IITMC,f,Mech,Pool-campus,Ooty,Teacher,Doctor,1,1,0,0,0,0,1,87,95,yes,Cognizant,0,yes,no,66
30101904,Thiagarajar,f,EEE,On-campus,Chennai,Doctor,Doctor,1,0,1,1,0,0,0,97,91,yes,Mindtree,0,no,yes,48
30101905,JSSCEB,m,IS,Pool-campus,Sirsi,Teacher,Doctor,0,0,0,0,0,0,0,86,78,no,NA,0,no,no,9
30101906,UVCEB,m,CS,On-campus,Raichur,Business,Doctor,0,0,0,0,0,0,0,96,96,yes,TCS,0,yes,no,11
30101907,PSGCTCO,f,IS,Off-campus,Madurai,Teacher,Lawyer,2,0,2,1,1,0,0,83,93,yes,NA,4,yes,no,15
30101908,NITT,m,IS,On-campus,Selam,Business,Bank,1,1,0,0,0,1,0,84,74,no,NA,0,no,yes,94
30101909,SITT,m,Mech,Off-campus,Hubli,Agriculture,Lawyer,2,0,2,2,0,0,0,89,88,no,NA,7,no,yes,69
30101910,NITS,f,ECE,On-campus,Dharwad,Govt,Housewife,1,1,0,0,0,1,0,94,98,no,Infosys,0,no,yes,68
30101911,Thiagarajar,m,ECE,On-campus,Erode,Lawyer,Govt,1,1,0,0,0,0,1,94,100,yes,Cognizant,0,no,yes,86
30101912,UVCEB,m,IS,Off-campus,Tumkur,Lawyer,Housewife,0,0,0,0,0,0,0,80,79,yes,NA,12,yes,yes,35
30101913,BITB,f,CS,Off-campus,Bagalkot,Teacher,Teacher,0,0,0,0,0,0,0,80,90,yes,NA,2,yes,no,90
30101914,JSSCEB,f,ECE,Pool-campus,Mandya,Lawyer,Bank,0,0,0,0,0,0,0,81,83,no,Infosys,0,no,no,14
30101915,BITB,f,ECE,On-campus,Bagalkot,Bank,Doctor,3,0,3,0,3,0,0,85,80,no,Cognizant,0,no,yes,55
30101916,MVITB,m,Mech,On-campus,Dharwad,Teacher,Govt,1,0,1,1,0,0,0,87,80,no,Mindtree,0,no,no,91
30101917,GITB,m,ECE,Pool-campus,Dharwad,Bank,Bank,3,2,1,0,1,2,0,88,98,no,TCS,0,no,yes,38
30101918,RVCEB,f,IS,On-campus,Bangalore,Business,Govt,3,3,0,0,0,3,0,81,85,no,NA,0,no,yes,93
30101919,GITB,f,Mech,On-campus,Dharwad,Agriculture,Housewife,2,1,1,1,0,0,1,90,81,no,TCS,0,yes,no,19
30101920,Malnad,f,Mech,Off-campus,Hubli,Govt,Doctor,1,1,0,0,0,1,0,87,96,yes,NA,8,no,yes,95
30101921,AnnaC,m,IS,Pool-campus,Coimbatore,Lawyer,Lawyer,0,0,0,0,0,0,0,87,97,no,Cognizant,0,yes,yes,60
30101922,MSRITB,f,Mech,Pool-campus,Dharwad,Bank,Housewife,1,0,1,0,1,0,0,87,86,yes,Tech Mahindra,0,yes,no,6
30101923,SDMD,f,CS,Off-campus,Tumkur,Teacher,Lawyer,1,1,0,0,0,0,1,81,85,yes,NA,6,no,no,96
30101924,GITB,f,Mech,Off-campus,Hubli,Agriculture,Housewife,0,0,0,0,0,0,0,85,79,no,NA,4,no,no,96
30101925,CITCO,m,CS,On-campus,Ooty,Teacher,Housewife,2,1,1,0,1,1,0,91,82,no,TCS,0,no,no,56
30101926,BITB,f,ECE,On-campus,Tumkur,Govt,Lawyer,3,3,0,0,0,1,2,89,79,no,Tech Mahindra,0,yes,no,67
30101927,Malnad,m,CS,Pool-campus,Dharwad,Lawyer,Housewife,0,0,0,0,0,0,0,98,94,yes,TCS,0,no,no,66
30101928,PSGCTCO,m,IS,Pool-campus,Ooty,Bank,Bank,3,1,2,0,2,0,1,84,93,no,Wipro,0,yes,yes,82
30101929,RVCEB,m,IS,On-campus,Davangere,Doctor,Bank,1,1,0,0,0,1,0,91,84,no,HCL,0,yes,no,74
30101930,MVITB,m,IS,On-campus,Raichur,Lawyer,Teacher,0,0,0,0,0,0,0,96,98,yes,Wipro,0,yes,yes,65
30101931,SASTRA,m,CS,On-campus,Coimbatore,Bank,Doctor,0,0,0,0,0,0,0,95,98,yes,NA,0,yes,no,93
30101932,PSGCTCO,f,CS,On-campus,Vellore,Business,Bank,1,1,0,0,0,1,0,82,88,yes,Mindtree,0,yes,no,46
30101933,PESITB,f,ECE,Pool-campus,Tumkur,Agriculture,Govt,2,1,1,0,1,0,1,90,84,yes,TCS,0,yes,no,31
30101934,BITB,f,Mech,Pool-campus,Bagalkot,Doctor,Housewife,0,0,0,0,0,0,0,95,103,yes,Infosys,0,yes,no,47
30101935,IITMC,m,IS,Pool-campus,Vellore,Business,Teacher,3,1,2,1,1,1,0,83,81,no,TCS,0,no,yes,47
30101936,UVCEB,f,ECE,Off-campus,Dharwad,Lawyer,Housewife,1,1,0,0,0,0,1,81,82,no,NA,3,no,yes,39
30101937,GITB,m,IS,Pool-campus,Hubli,Agriculture,Teacher,2,2,0,0,0,0,2,97,93,yes,HCL,0,yes,yes,90
30101938,GITB,f,CS,Pool-campus,Raichur,Govt,Housewife,0,0,0,0,0,0,0,90,94,yes,TCS,0,yes,no,11
30101939,MVITB,m,Mech,Off-campus,Davangere,Bank,Bank,3,1,2,1,1,1,0,91,101,yes,NA,12,no,no,63
30101940,NITT,f,ECE,On-campus,Karur,Doctor,Doctor,0,0,0,0,0,0,0,92,86,no,Wipro,0,no,no,47
30101941,RVCEB,m,ECE,Pool-campus,Gulbarga,Teacher,Doctor,0,0,0,0,0,0,0,95,93,no,NA,0,no,no,34
30101942,SITT,m,IS,Off-campus,Davangere,Teacher,Lawyer,1,1,0,0,0,1,0,86,88,no,NA,4,no,yes,24
30101943,BITB,m,CS,On-campus,Mangalore,Agriculture,Bank,3,2,1,0,1,2,0,95,101,yes,NA,0,yes,no,20
30101944,AmritaCO,m,CS,On-campus,Madurai,Govt,Govt,0,0,0,0,0,0,0,93,83,no,TCS,0,no,yes,78
30101945,UVCEB,m,CS,Off-campus,Shimoga,Lawyer,Doctor,1,1,0,0,0,1,0,80,85,no,NA,9,no,yes,6
30101946,NIEMy,m,CS,On-campus,Mangalore,Teacher,Govt,0,0,0,0,0,0,0,98,104,no,HCL,0,yes,yes,21
30101947,SITT,m,Mech,Off-campus,Mangalore,Doctor,Bank,2,1,1,0,1,1,0,95,98,yes,NA,4,yes,no,29
30101948,BVBH,f,IS,On-campus,Gulbarga,Govt,Lawyer,1,0,1,1,0,0,0,89,87,yes,Tech Mahindra,0,yes,no,60
30101949,Thiagarajar,f,EEE,Off-campus,Coimbatore,Teacher,Housewife,1,0,1,0,1,0,0,94,101,yes,NA,7,no,yes,60
30101950,SITT,m,IS,Off-campus,Hassan,Govt,Teacher,0,0,0,0,0,0,0,82,89,yes,NA,8,no,no,31
30101951,NIEMy,m,EEE,Off-campus,Mangalore,Agriculture,Doctor,1,0,1,1,0,0,0,80,75,yes,NA,1,yes,no,29
30101952,Thiagarajar,f,IS,On-campus,Namakkal,Business,Govt,2,2,0,0,0,2,0,90,97,no,NA,0,no,no,44
30101953,MSRITB,f,IS,Off-campus,Hubli,Lawyer,Housewife,2,1,1,1,0,0,1,83,80,no,NA,4,yes,yes,29
30101954,JSSCEB,m,ECE,On-campus,Davangere,Bank,Housewife,3,1,2,0,2,1,0,89,99,no,Wipro,0,no,no,74
30101955,PSGCTCO,f,IS,Pool-campus,Coimbatore,Doctor,Bank,2,1,1,0,1,0,1,87,84,no,HCL,0,yes,no,64
30101956,NIEMy,m,IS,Off-campus,Davangere,Teacher,Govt,1,1,0,0,0,1,0,89,85,yes,NA,7,no,no,11
30101957,Malnad,m,CS,Pool-campus,Tumkur,Govt,Govt,1,1,0,0,0,1,0,94,89,yes,TCS,0,yes,no,39
30101958,PESITB,m,ECE,On-campus,Gulbarga,Lawyer,Lawyer,1,1,0,0,0,1,0,96,96,yes,HCL,0,no,yes,64
30101959,NITS,f,ECE,Pool-campus,Shimoga,Agriculture,Govt,0,0,0,0,0,0,0,85,94,no,HCL,0,yes,yes,19
30101960,SITT,f,EEE,On-campus,Bangalore,Doctor,Govt,2,1,1,0,1,1,0,97,98,yes,Tech Mahindra,0,yes,yes,89
30101961,MITM,f,IS,On-campus,Hassan,Agriculture,Govt,2,2,0,0,0,2,0,98,98,yes,Cognizant,0,yes,yes,45
30101962,MSRITB,f,EEE,Pool-campus,Davangere,Doctor,Lawyer,1,0,1,1,0,0,0,90,88,yes,TCS,0,no,yes,58
30101963,BVBH,m,EEE,Off-campus,Gulbarga,Teacher,Housewife,1,0,1,0,1,0,0,93,98,no,NA,9,no,yes,75
30101964,NITT,f,IS,Pool-campus,Ooty,Lawyer,Doctor,1,0,1,1,0,0,0,81,75,yes,TCS,0,yes,yes,75
30101965,JSSCEB,f,EEE,On-campus,Mysore,Govt,Housewife,1,1,0,0,0,0,1,94,102,yes,Cognizant,0,yes,no,22
30101966,BVBH,f,EEE,Pool-campus,Bangalore,Lawyer,Bank,1,0,1,1,0,0,0,94,98,no,Tech Mahindra,0,no,no,86
30101967,AmritaCO,f,EEE,Off-campus,Namakkal,Doctor,Bank,3,2,1,1,0,0,2,98,98,yes,NA,7,yes,no,90
30101968,RVCEB,f,CS,On-campus,Mangalore,Govt,Doctor,1,0,1,0,1,0,0,96,99,yes,Wipro,0,no,no,13
30101969,MITM,m,CS,Pool-campus,Hassan,Teacher,Doctor,1,1,0,0,0,1,0,84,86,no,NA,0,no,no,25
30101970,CITCO,m,ECE,On-campus,Madurai,Doctor,Housewife,2,2,0,0,0,2,0,92,94,no,Cognizant,0,yes,no,28
30101971,PSGCTCO,m,CS,Pool-campus,Madurai,Doctor,Lawyer,2,0,2,2,0,0,0,97,94,yes,Cognizant,0,yes,no,69
30101972,JSSCEB,f,ECE,On-campus,Mangalore,Agriculture,Housewife,2,2,0,0,0,2,0,88,78,no,Wipro,0,no,yes,28
30101973,AmritaCO,f,EEE,Pool-campus,Chennai,Govt,Govt,0,0,0,0,0,0,0,92,84,yes,Wipro,0,no,no,85
30101974,AmritaCO,f,ECE,Off-campus,Namakkal,Lawyer,Bank,1,0,1,1,0,0,0,90,85,no,NA,2,yes,yes,45
30101975,SITT,m,IS,Off-campus,Raichur,Lawyer,Lawyer,2,2,0,0,0,2,0,82,88,no,NA,7,no,yes,36
30101976,SDMD,f,CS,Pool-campus,Bagalkot,Business,Housewife,0,0,0,0,0,0,0,82,78,no,Cognizant,0,yes,yes,33
30101977,AnnaC,f,Mech,Pool-campus,Madurai,Agriculture,Lawyer,3,1,2,1,1,1,0,92,98,yes,Mindtree,0,no,no,58
30101978,MITM,m,ECE,On-campus,Sirsi,Agriculture,Teacher,1,0,1,1,0,0,0,87,83,yes,NA,0,no,no,62
30101979,PSGCTCO,m,Mech,Off-campus,Coimbatore,Business,Bank,2,1,1,0,1,0,1,85,80,yes,NA,12,yes,yes,27
30101980,JSSCEB,m,Mech,On-campus,Bagalkot,Lawyer,Bank,1,1,0,0,0,1,0,87,95,yes,Cognizant,0,no,yes,40
30101981,PSGCTCO,f,ECE,Pool-campus,Coimbatore,Business,Housewife,3,2,1,1,0,2,0,87,90,no,TCS,0,no,no,76
30101982,AmritaCO,f,Mech,Pool-campus,Coimbatore,Doctor,Doctor,3,1,2,0,2,0,1,94,98,no,NA,0,no,no,27
30101983,PSGCTCO,m,CS,Pool-campus,Ooty,Doctor,Govt,1,1,0,0,0,1,0,83,79,no,Cognizant,0,yes,yes,57
30101984,AmritaCO,m,Mech,Off-campus,Madurai,Govt,Govt,2,1,1,0,1,1,0,98,98,yes,NA,2,no,no,64
30101985,NITS,m,CS,Off-campus,Mysore,Lawyer,Housewife,1,0,1,0,1,0,0,92,95,yes,NA,7,no,no,92
30101986,AmritaCO,f,EEE,Pool-campus,Selam,Agriculture,Doctor,0,0,0,0,0,0,0,80,81,yes,TCS,0,yes,yes,77
30101987,BITB,f,CS,Pool-campus,Gulbarga,Teacher,Teacher,3,2,1,0,1,1,1,96,103,no,Wipro,0,yes,no,35
30101988,Malnad,m,ECE,Pool-campus,Hassan,Doctor,Lawyer,1,1,0,0,0,0,1,84,87,no,Mindtree,0,no,no,17
30101989,BITB,f,Mech,On-campus,Hubli,Business,Housewife,1,0,1,1,0,0,0,88,95,no,Tech Mahindra,0,yes,yes,7
30101990,MITM,f,Mech,On-campus,Bagalkot,Agriculture,Doctor,1,0,1,0,1,0,0,83,80,yes,NA,0,no,no,41
30101991,NIEMy,f,CS,Off-campus,Bangalore,Teacher,Govt,2,0,2,2,0,0,0,82,84,no,NA,2,no,no,87
30101992,IITMC,m,Mech,On-campus,Chennai,Business,Housewife,1,1,0,0,0,0,1,90,99,yes,Tech Mahindra,0,yes,no,11
30101993,BMSCEB,m,EEE,Off-campus,Gulbarga,Agriculture,Govt,0,0,0,0,0,0,0,96,98,no,NA,11,no,no,26
30101994,NITS,m,ECE,On-campus,Bagalkot,Teacher,Teacher,2,2,0,0,0,2,0,80,88,yes,NA,0,no,no,26
30101995,SASTRA,m,ECE,On-campus,Coimbatore,Teacher,Teacher,0,0,0,0,0,0,0,85,87,yes,HCL,0,yes,yes,49
30101996,PESITB,m,ECE,Off-campus,Mandya,Doctor,Housewife,2,1,1,0,1,0,1,86,80,yes,NA,4,yes,yes,36
30101997,NITS,f,EEE,On-campus,Shimoga,Agriculture,Bank,1,1,0,0,0,0,1,85,92,yes,Mindtree,0,yes,yes,69
30101998,UVCEB,m,IS,On-campus,Mandya,Doctor,Bank,2,1,1,1,0,0,1,86,79,no,Infosys,0,yes,no,25
30101999,NITS,f,ECE,Off-campus,Dharwad,Govt,Teacher,0,0,0,0,0,0,0,85,94,no,NA,3,no,yes,69
30102000,PESITB,f,IS,On-campus,Dharwad,Bank,Teacher,2,0,2,1,1,0,0,98,98,no,Infosys,0,yes,yes,45
30102001,NIEMy,m,Mech,Off-campus,Mysore,Lawyer,Lawyer,2,1,1,0,1,1,0,95,95,yes,NA,4,no,no,55
30102002,SITT,f,EEE,Pool-campus,Tumkur,Govt,Housewife,0,0,0,0,0,0,0,93,85,yes,NA,0,no,no,90
30102003,PESITB,m,IS,Off-campus,Bangalore,Doctor,Doctor,3,1,2,1,1,1,0,95,104,no,NA,1,yes,yes,49
30102004,PSGCTCO,f,EEE,On-campus,Vellore,Doctor,Lawyer,1,1,0,0,0,0,1,95,98,yes,HCL,0,no,no,39
30102005,BVBH,f,CS,Off-campus,Mysore,Business,Doctor,3,0,3,3,0,0,0,86,89,yes,NA,12,no,yes,37
30102006,MITM,f,Mech,On-campus,Hubli,Govt,Lawyer,2,1,1,0,1,0,1,96,98,no,Wipro,0,no,no,58
30102007,MITM,f,EEE,Pool-campus,Bagalkot,Doctor,Bank,3,1,2,0,2,1,0,98,100,no,TCS,0,yes,no,33
30102008,NITT,m,IS,Off-campus,Vellore,Bank,Govt,1,1,0,0,0,1,0,85,89,no,NA,9,yes,no,55
30102009,SASTRA,m,IS,Pool-campus,Namakkal,Agriculture,Doctor,1,0,1,0,1,0,0,96,98,yes,NA,0,yes,yes,48
30102010,PESITB,m,IS,Off-campus,Davangere,Bank,Lawyer,2,1,1,1,0,1,0,81,87,no,NA,6,yes,no,79
30102011,UVCEB,f,ECE,Pool-campus,Raichur,Lawyer,Housewife,0,0,0,0,0,0,0,91,97,yes,Wipro,0,no,no,92
30102012,UVCEB,m,EEE,Pool-campus,Sirsi,Business,Teacher,1,0,1,1,0,0,0,96,98,no,NA,0,yes,yes,55
30102013,MITM,f,EEE,Off-campus,Shimoga,Lawyer,Teacher,1,1,0,0,0,1,0,89,79,yes,NA,1,no,no,79
30102014,SDMD,f,EEE,Pool-campus,Gulbarga,Agriculture,Lawyer,0,0,0,0,0,0,0,93,85,yes,Cognizant,0,yes,no,35
30102015,PESITB,f,Mech,Pool-campus,Raichur,Business,Govt,0,0,0,0,0,0,0,87,86,yes,Cognizant,0,no,no,15
30102016,MITM,f,EEE,Pool-campus,Bangalore,Bank,Bank,1,0,1,1,0,0,0,85,93,yes,TCS,0,yes,yes,8
30102017,SITT,m,CS,Off-campus,Tumkur,Business,Lawyer,1,0,1,1,0,0,0,88,91,yes,NA,5,no,yes,81
30102018,PESITB,m,ECE,Off-campus,Mangalore,Agriculture,Housewife,2,0,2,2,0,0,0,86,80,yes,NA,2,yes,yes,43
30102019,IITMC,f,IS,Pool-campus,Chennai,Lawyer,Lawyer,2,2,0,0,0,0,2,89,99,yes,NA,0,no,yes,80
30102020,Thiagarajar,m,Mech,On-campus,Erode,Business,Doctor,0,0,0,0,0,0,0,84,77,yes,NA,0,yes,yes,78
30102021,NITT,f,Mech,Pool-campus,Selam,Teacher,Lawyer,1,1,0,0,0,0,1,92,86,yes,Mindtree,0,no,yes,41
30102022,BVBH,f,CS,Pool-campus,Mandya,Govt,Bank,1,0,1,1,0,0,0,95,94,no,Cognizant,0,yes,yes,4
30102023,NITT,m,IS,Off-campus,Chennai,Bank,Bank,2,0,2,1,1,0,0,86,79,yes,NA,5,yes,no,56
30102024,BITB,m,ECE,Pool-campus,Hassan,Teacher,Bank,2,0,2,1,1,0,0,81,77,no,Cognizant,0,no,no,33
30102025,MVITB,m,Mech,Pool-campus,Dharwad,Business,Lawyer,1,0,1,0,1,0,0,81,84,no,Cognizant,0,no,yes,32
30102026,MSRITB,f,EEE,On-campus,Bangalore,Doctor,Bank,1,1,0,0,0,1,0,90,90,no,Mindtree,0,no,no,62
30102027,NITT,m,IS,Pool-campus,Erode,Agriculture,Housewife,2,0,2,1,1,0,0,83,93,yes,Mindtree,0,no,yes,59
30102028,PSGCTCO,m,EEE,On-campus,Karur,Govt,Lawyer,0,0,0,0,0,0,0,97,98,yes,Mindtree,0,no,yes,87
30102029,MITM,f,ECE,On-campus,Davangere,Bank,Housewife,2,2,0,0,0,1,1,97,91,no,Cognizant,0,no,no,14
30102030,RVCEB,m,EEE,Pool-campus,Mangalore,Teacher,Govt,3,3,0,0,0,3,0,95,98,no,Cognizant,0,yes,no,78
30102031,BMSCEB,m,EEE,Off-campus,Davangere,Agriculture,Govt,3,1,2,2,0,0,1,82,87,no,NA,2,yes,yes,63
30102032,GITB,m,CS,On-campus,Shimoga,Teacher,Housewife,0,0,0,0,0,0,0,98,98,yes,Wipro,0,yes,no,6
30102033,PSGCTCO,m,CS,Pool-campus,Coimbatore,Teacher,Lawyer,3,2,1,1,0,2,0,82,84,no,Cognizant,0,no,no,19
30102034,MVITB,f,EEE,On-campus,Raichur,Teacher,Bank,0,0,0,0,0,0,0,90,98,yes,Mindtree,0,yes,yes,92
30102035,UVCEB,f,EEE,Pool-campus,Mysore,Teacher,Lawyer,0,0,0,0,0,0,0,91,84,yes,Infosys,0,yes,no,86
30102036,MVITB,f,IS,Pool-campus,Tumkur,Bank,Govt,1,1,0,0,0,1,0,95,95,yes,Wipro,0,no,yes,87
30102037,MVITB,f,IS,Pool-campus,Hassan,Bank,Bank,3,0,3,3,0,0,0,93,95,no,Tech Mahindra,0,no,no,53
30102038,SDMD,m,CS,Pool-campus,Hassan,Bank,Housewife,0,0,0,0,0,0,0,94,103,no,Infosys,0,yes,no,52
30102039,SASTRA,m,ECE,Pool-campus,Ooty,Bank,Bank,1,0,1,0,1,0,0,97,98,yes,Infosys,0,no,no,57
30102040,MSRITB,m,ECE,On-campus,Hubli,Lawyer,Teacher,2,1,1,0,1,1,0,92,93,yes,Infosys,0,yes,no,48
30102041,AmritaCO,m,CS,Pool-campus,Madurai,Bank,Doctor,1,0,1,0,1,0,0,86,84,yes,Mindtree,0,no,yes,73
30102042,SITT,f,EEE,On-campus,Davangere,Lawyer,Teacher,0,0,0,0,0,0,0,93,89,yes,Tech Mahindra,0,yes,no,37
30102043,MSRITB,m,Mech,Off-campus,Mandya,Agriculture,Lawyer,2,0,2,1,1,0,0,94,98,no,NA,6,no,yes,51
30102044,BITB,f,EEE,Off-campus,Bangalore,Doctor,Doctor,1,0,1,0,1,0,0,86,87,no,NA,9,yes,no,45
30102045,MSRITB,f,CS,Pool-campus,Hubli,Govt,Govt,1,0,1,0,1,0,0,94,87,yes,TCS,0,yes,yes,30
30102046,RVCEB,m,Mech,Pool-campus,Hassan,Agriculture,Doctor,1,1,0,0,0,0,1,81,77,no,HCL,0,no,yes,22
30102047,IITMC,f,EEE,On-campus,Ooty,Doctor,Teacher,0,0,0,0,0,0,0,89,97,no,TCS,0,yes,yes,29
30102048,UVCEB,m,ECE,Off-campus,Mangalore,Govt,Teacher,0,0,0,0,0,0,0,97,94,yes,NA,8,yes,no,52
30102049,MITM,m,CS,Pool-campus,Gulbarga,Business,Housewife,0,0,0,0,0,0,0,98,104,no,Wipro,0,no,yes,77
30102050,RVCEB,f,EEE,On-campus,Hassan,Govt,Lawyer,0,0,0,0,0,0,0,89,95,yes,HCL,0,yes,yes,23
30102051,CITCO,f,Mech,Pool-campus,Namakkal,Govt,Lawyer,3,0,3,3,0,0,0,84,94,yes,NA,0,no,no,28
30102052,MVITB,f,CS,Pool-campus,Bangalore,Doctor,Teacher,2,2,0,0,0,0,2,83,75,no,NA,0,no,yes,39
30102053,Thiagarajar,f,Mech,On-campus,Madurai,Govt,Housewife,2,2,0,0,0,0,2,94,98,no,TCS,0,no,yes,36
30102054,SITT,f,CS,Pool-campus,Bangalore,Govt,Teacher,3,3,0,0,0,2,1,95,90,yes,NA,0,no,no,73
30102055,BVBH,m,Mech,Off-campus,Bangalore,Lawyer,Doctor,1,0,1,1,0,0,0,83,76,no,NA,3,yes,no,86
30102056,IITMC,f,EEE,Off-campus,Namakkal,Govt,Bank,0,0,0,0,0,0,0,95,98,no,NA,8,yes,yes,85
30102057,CITCO,f,CS,Pool-campus,Kanchi,Teacher,Housewife,2,2,0,0,0,2,0,88,90,yes,TCS,0,yes,no,62
30102058,GITB,f,IS,Off-campus,Mangalore,Doctor,Govt,2,2,0,0,0,2,0,93,84,yes,NA,8,yes,no,34
30102059,SDMD,f,CS,On-campus,Sirsi,Doctor,Lawyer,0,0,0,0,0,0,0,86,81,no,HCL,0,no,no,54
30102060,BVBH,f,EEE,Off-campus,Mysore,Lawyer,Lawyer,1,0,1,1,0,0,0,88,88,no,NA,3,no,yes,84
30102061,SASTRA,f,EEE,On-campus,Coimbatore,Govt,Teacher,0,0,0,0,0,0,0,82,92,no,HCL,0,no,yes,56
30102062,NIEMy,m,CS,On-campus,Hubli,Lawyer,Housewife,3,1,2,1,1,0,1,97,94,no,Cognizant,0,yes,no,20
30102063,PSGCTCO,m,ECE,On-campus,Selam,Business,Doctor,1,1,0,0,0,1,0,87,97,no,Mindtree,0,yes,no,93
30102064,MVITB,f,IS,Off-campus,Mandya,Bank,Housewife,3,1,2,0,2,0,1,89,96,no,NA,5,yes,yes,34
30102065,PESITB,f,ECE,Pool-campus,Shimoga,Bank,Doctor,2,0,2,0,2,0,0,86,89,no,Infosys,0,no,no,41
30102066,PESITB,f,ECE,Off-campus,Dharwad,Agriculture,Teacher,2,2,0,0,0,1,1,90,93,no,NA,7,yes,yes,74
30102067,JSSCEB,f,ECE,Off-campus,Bagalkot,Doctor,Teacher,0,0,0,0,0,0,0,85,76,yes,NA,4,no,no,64
30102068,NITT,m,IS,Off-campus,Madurai,Teacher,Doctor,3,2,1,0,1,2,0,88,80,yes,NA,11,yes,yes,26
30102069,BITB,m,ECE,Off-campus,Shimoga,Business,Bank,0,0,0,0,0,0,0,96,98,yes,NA,7,yes,no,10
30102070,SDMD,m,ECE,Pool-campus,Raichur,Business,Bank,3,2,1,1,0,1,1,92,101,no,Mindtree,0,yes,no,59
30102071,NITT,m,IS,Off-campus,Madurai,Lawyer,Lawyer,0,0,0,0,0,0,0,94,103,no,NA,11,no,yes,54
30102072,CITCO,f,EEE,On-campus,Erode,Agriculture,Lawyer,3,1,2,2,0,0,1,86,82,no,NA,0,yes,yes,25
30102073,NITT,m,EEE,Off-campus,Madurai,Teacher,Teacher,0,0,0,0,0,0,0,82,77,no,NA,5,no,yes,71
30102074,RVCEB,m,EEE,On-campus,Tumkur,Teacher,Lawyer,2,2,0,0,0,1,1,96,99,no,Infosys,0,no,no,40
30102075,MITM,m,Mech,On-campus,Dharwad,Teacher,Teacher,2,2,0,0,0,1,1,91,84,yes,NA,0,no,no,18
30102076,RVCEB,f,ECE,On-campus,Mandya,Business,Govt,2,0,2,2,0,0,0,82,73,yes,Tech Mahindra,0,yes,yes,27
30102077,UVCEB,f,CS,On-campus,Mandya,Doctor,Doctor,3,2,1,1,0,1,1,85,79,no,Infosys,0,yes,yes,96
30102078,JSSCEB,f,CS,On-campus,Hubli,Teacher,Bank,3,3,0,0,0,1,2,80,80,yes,NA,0,yes,no,30
30102079,SDMD,f,Mech,On-campus,Bagalkot,Doctor,Lawyer,2,0,2,0,2,0,0,95,98,no,Infosys,0,yes,no,10
30102080,AnnaC,f,IS,Off-campus,Chennai,Bank,Teacher,0,0,0,0,0,0,0,90,83,yes,NA,10,no,yes,86
30102081,MITM,f,Mech,Pool-campus,Dharwad,Lawyer,Housewife,1,1,0,0,0,0,1,86,81,yes,NA,0,no,yes,11
30102082,IITMC,m,CS,Off-campus,Vellore,Doctor,Lawyer,0,0,0,0,0,0,0,94,98,no,NA,1,yes,yes,90
30102083,IITMC,f,ECE,Off-campus,Namakkal,Business,Teacher,2,1,1,0,1,1,0,90,84,yes,NA,8,no,yes,72
30102084,IITMC,f,ECE,Off-campus,Madurai,Lawyer,Doctor,2,0,2,0,2,0,0,98,98,no,NA,8,no,yes,17
30102085,AnnaC,f,CS,Pool-campus,Madurai,Bank,Doctor,1,0,1,1,0,0,0,89,92,yes,NA,0,yes,no,19
30102086,CITCO,f,CS,Off-campus,Madurai,Govt,Bank,1,1,0,0,0,1,0,95,87,no,NA,4,no,yes,88
30102087,PSGCTCO,m,Mech,On-campus,Chennai,Bank,Govt,2,1,1,1,0,0,1,95,92,no,NA,0,yes,no,41
30102088,JSSCEB,m,IS,Off-campus,Hassan,Agriculture,Lawyer,3,0,3,2,1,0,0,96,98,yes,NA,4,yes,yes,67
30102089,AnnaC,f,EEE,On-campus,Madurai,Teacher,Bank,0,0,0,0,0,0,0,84,85,yes,NA,0,no,yes,27
30102090,SITT,m,IS,Off-campus,Shimoga,Bank,Lawyer,2,0,2,0,2,0,0,89,98,yes,NA,8,no,yes,56
30102091,MVITB,m,ECE,Pool-campus,Gulbarga,Teacher,Doctor,2,2,0,0,0,0,2,92,98,yes,Infosys,0,no,no,24
30102092,MVITB,m,ECE,Off-campus,Mandya,Doctor,Govt,2,1,1,0,1,0,1,89,88,no,NA,2,no,no,18
30102093,MVITB,f,ECE,Pool-campus,Dharwad,Business,Doctor,3,2,1,0,1,0,2,90,85,yes,Cognizant,0,no,no,62
30102094,UVCEB,m,Mech,Off-campus,Mangalore,Agriculture,Bank,3,3,0,0,0,2,1,88,98,no,NA,2,yes,yes,47
30102095,CITCO,m,EEE,On-campus,Madurai,Teacher,Bank,3,1,2,1,1,1,0,86,82,no,Cognizant,0,yes,no,47
30102096,GITB,f,ECE,Pool-campus,Dharwad,Bank,Lawyer,2,2,0,0,0,0,2,85,91,no,Mindtree,0,yes,yes,32
30102097,CITCO,m,ECE,On-campus,Kanchi,Agriculture,Govt,1,0,1,1,0,0,0,81,75,yes,Tech Mahindra,0,yes,no,83
30102098,PSGCTCO,m,EEE,On-campus,Kanchi,Doctor,Bank,1,0,1,1,0,0,0,91,93,no,NA,0,yes,no,92
30102099,Thiagarajar,m,IS,On-campus,Karur,Teacher,Bank,2,1,1,1,0,0,1,97,98,yes,Cognizant,0,no,no,82
30102100,JSSCEB,m,ECE,Pool-campus,Davangere,Bank,Doctor,3,0,3,0,3,0,0,88,79,no,TCS,0,yes,no,17
30102101,NIEMy,m,ECE,On-campus,Raichur,Lawyer,Teacher,2,1,1,0,1,0,1,88,85,yes,HCL,0,no,no,88
30102102,MITM,f,EEE,Off-campus,Dharwad,Agriculture,Govt,3,1,2,2,0,0,1,95,94,no,NA,9,yes,yes,90
30102103,RVCEB,m,CS,Off-campus,Bagalkot,Business,Teacher,1,0,1,1,0,0,0,84,88,yes,NA,7,yes,no,47
30102104,RVCEB,m,CS,Off-campus,Mandya,Business,Bank,3,2,1,0,1,1,1,81,74,yes,NA,7,no,yes,57
30102105,NITT,m,IS,Pool-campus,Karur,Bank,Doctor,3,3,0,0,0,3,0,86,94,yes,HCL,0,no,yes,95
30102106,MSRITB,f,ECE,On-campus,Hubli,Business,Housewife,3,2,1,0,1,1,1,80,79,no,NA,0,no,yes,69
30102107,AmritaCO,f,IS,On-campus,Selam,Bank,Bank,2,0,2,0,2,0,0,80,83,no,Cognizant,0,yes,yes,80
30102108,PSGCTCO,m,IS,Off-campus,Kanchi,Lawyer,Teacher,2,0,2,1,1,0,0,89,87,no,NA,1,no,yes,37
30102109,PESITB,f,IS,Off-campus,Shimoga,Lawyer,Bank,2,2,0,0,0,0,2,86,91,no,NA,3,yes,yes,17
30102110,PSGCTCO,m,Mech,Pool-campus,Chennai,Lawyer,Lawyer,3,2,1,1,0,0,2,95,102,no,Mindtree,0,yes,no,22
30102111,MITM,m,ECE,On-campus,Mysore,Teacher,Doctor,1,1,0,0,0,1,0,95,97,no,NA,0,no,no,94
30102112,UVCEB,f,ECE,Off-campus,Mangalore,Lawyer,Teacher,3,0,3,3,0,0,0,88,86,no,NA,8,no,yes,83
30102113,SDMD,f,EEE,Off-campus,Hassan,Agriculture,Bank,0,0,0,0,0,0,0,97,98,no,NA,1,no,yes,94
30102114,JSSCEB,m,CS,Pool-campus,Bangalore,Bank,Teacher,1,1,0,0,0,0,1,90,84,yes,Mindtree,0,no,no,66
30102115,Malnad,m,EEE,Pool-campus,Dharwad,Agriculture,Govt,0,0,0,0,0,0,0,94,101,yes,HCL,0,yes,no,73
30102116,BITB,m,EEE,Off-campus,Shimoga,Business,Teacher,1,1,0,0,0,1,0,86,78,no,NA,3,yes,yes,26
30102117,Malnad,m,EEE,Pool-campus,Sirsi,Bank,Doctor,1,1,0,0,0,0,1,96,98,yes,Wipro,0,yes,yes,9
30102118,NITS,f,EEE,Pool-campus,Dharwad,Agriculture,Bank,0,0,0,0,0,0,0,85,81,yes,Tech Mahindra,0,no,yes,60
30102119,SITT,m,ECE,Off-campus,Dharwad,Govt,Bank,3,2,1,1,0,0,2,94,98,no,NA,4,no,no,35
30102120,SITT,f,EEE,Pool-campus,Raichur,Govt,Bank,2,1,1,1,0,0,1,96,98,no,Cognizant,0,no,no,13
30102121,AnnaC,f,IS,On-campus,Kanchi,Doctor,Bank,3,0,3,2,1,0,0,90,88,no,NA,0,no,no,24
